"Extragenic-Sites"	"Sequence - coordinates of DNA region"	"Left-End-Position"	"Right-End-Position"	"Sequence - DNA sequence"	"Transcription-Direction"	"Component-Of"
REP140A	[REP140a 1,966,323 &rarr; 1,966,356]	1966323	1966356	TCGGATGCGGCGTCATCGCCTTATCAGACCGCCT	+	COLI-K12-39
REP355A	[REP355a 4,633,092 &larr; 4,633,128]	4633092	4633128	TGCACGATGCCTGATGCGCCACGTCTTATCAGGCCTA	-	COLI-K12-92
REP118A	[REP118a 1,534,884 &rarr; 1,534,917]	1534884	1534917	CCGGATGCGGCGTAAACGCCTTATCCGGCATACA	+	COLI-K12-30
REP347B	[REP347b 4,570,012 &larr; 4,570,045]	4570012	4570045	TGCCGGATGCCATGTGAACGCCTGACCAGGTCTA	-	COLI-K12-91
REP334C	[REP334c 4,434,581 &rarr; 4,434,607]	4434581	4434607	CCGGATGCGGTTGATGATTTATAGGCC	+	COLI-K12-88
REP325I	[REP325i 4,326,203 &larr; 4,326,238]	4326203	4326238	TGCCTGATGCGACGCTTGCGCGTCTTATCAGGCCTA	-	COLI-K12-86
REP321I	[REP321i 4,296,288 &rarr; 4,296,324]	4296288	4296324	CCTGATGCGACGCTTAACGCGTCTTATCAGGCCTACG	+	COLI-K12-86
REP31D	[REP31d 375,083 &larr; 375,118]	375083	375118	TGCCTGATGCGACGCTAACGCGTCTTATCAGGCCTA	-	COLI-K12-7
REPV65A	[REPv65a 715,265 &rarr; 715,293]	715265	715293	CCTGATGCGCTACGCTTATCAGGCCTACG	+	COLI-K12-14
REP311C	[REP311c 4,218,535 &larr; 4,218,568]	4218535	4218568	TGCCGGATGCGGCGTAAACGCCTTATCCAGCCTA	-	COLI-K12-84
REPV328A	[REPv328a 4,373,198 &rarr; 4,373,226]	4373198	4373226	CCTGATGCGCTTCGCTTATCAGGCCTACA	+	COLI-K12-87
REP301A	[REP301a 4,103,508 &larr; 4,103,544]	4103508	4103544	TGCCTGATGCGACGCTGATAGCGTCTTATCAGGCCTA	-	COLI-K12-82
REPV276B	[REPv276b 3,827,389 &larr; 3,827,417]	3827389	3827417	TGCCTGATACGCTTCGCTTATCAAGCCTG	-	COLI-K12-76
REP295A	[REP295a 4,056,472 &rarr; 4,056,506]	4056472	4056506	CACGTTGGAGAGCGACTCACCTGCTCCGGCCTACC	+	COLI-K12-81
REPV241	[REPv241 3,304,505 &larr; 3,304,533]	3304505	3304533	TGCCTGATGCGCTTCGCTTATCAGGTCTA	-	COLI-K12-66
REP286	[REP286 3,962,701 &larr; 3,962,736]	3962701	3962736	TGCCGGATGCGATGCTGACGCATCTTTTCCGGCCTT	-	COLI-K12-79
REPV206A	[REPv206a 2,945,897 &rarr; 2,945,925]	2945897	2945925	CCTGATGCGCTACGCTTATCAGGCCTACA	+	COLI-K12-59
REP269B	[REP269b 3,741,029 &larr; 3,741,062]	3741029	3741062	TGCCAGATGCGGCGTAAACGCCTTATCCGGCCTA	-	COLI-K12-74
REPV130B	[REPv130b 1,823,401 &larr; 1,823,429]	1823401	1823429	CGTCTGACGTGCTACGCCTGTCAGGCCTA	-	COLI-K12-36
REP25F	[REP25f 349,843 &larr; 349,877]	349843	349877	TGTCGGATGCGACGCTATGCGTCTTATCCGACCTA	-	COLI-K12-7
REPT96	[REPt96 1,100,822 &rarr; 1,100,840]	1100822	1100840	CCGGATGATAATTCCGGCT	+	COLI-K12-22
REP247B	[REP247b 3,488,945 &rarr; 3,488,959]	3488945	3488959	CCTGATGCTTCGTAT	+	COLI-K12-69
REPT41	[REPt41 464,814 &rarr; 464,838]	464814	464838	CCGGATGCTCAAGCCGCATCCGGCG	+	COLI-K12-9
REP23E	[REP23e 339,944 &rarr; 339,977]	339944	339977	CCGGATGCGGCGTGGACGCCTTATCCGGCCTACG	+	COLI-K12-6
REPT296A	[REPt296a 4,063,520 &rarr; 4,063,540]	4063520	4063540	CCGGATGTGCTTAATCCGGCC	+	COLI-K12-81
REP231A	[REP231a 3,231,253 &rarr; 3,231,286]	3231253	3231286	GCGGATGCGGCGTAAACGCCTTATCCGCCCTACA	+	COLI-K12-64
REPT24	[REPt24 346,825 &rarr; 346,854]	346825	346854	CCGGATAAAGCGTTCGCGCTGCATTCGGCA	+	COLI-K12-6
REP217B	[REP217b 3,098,462 &larr; 3,098,497]	3098462	3098497	CGTCTGATGCGACGCTTGCGCGTCTTATCAGACCTA	-	COLI-K12-62
REPT208	[REPt208 2,980,734 &rarr; 2,980,756]	2980734	2980756	CCGGATGTACAGCACATCCGGCC	+	COLI-K12-59
REP202A	[REP202a 2,917,889 &rarr; 2,917,922]	2917889	2917922	CCGGATGCGGCGTTAACGCCTTATCCGGCCTACA	+	COLI-K12-58
REPT160A	[REPt160a 2,291,154 &rarr; 2,291,176]	2291154	2291176	CCCGATGGATTTATCATCGGGCT	+	COLI-K12-45
REP191B	[REP191b 2,794,070 &larr; 2,794,103]	2794070	2794103	TGTCGGATGCGGCGTAAACGCCTTATCCGACCTG	-	COLI-K12-56
REPT119	[REPt119 1,542,635 &rarr; 1,542,663]	1542635	1542663	TCGGATGCGACACGGTTGTACATCAGGCA	+	COLI-K12-30
REP180B	[REP180b 2,593,026 &rarr; 2,593,061]	2593026	2593061	CCTGATGCGACGCTCACGCGTCTTATCAGGCCAGGT	+	COLI-K12-51
REP91B	[REP91b 1,062,459 &rarr; 1,062,492]	1062459	1062492	CCGGATGCGGCGTGAACGTCTTATCCGGCCCACA	+	COLI-K12-21
REP172A	[REP172a 2,511,353 &rarr; 2,511,388]	2511353	2511388	CCTGATGCGACGCTAGTGCGTCTTATCAGGCCTACA	+	COLI-K12-50
REP79B	[REP79b 857,681 &larr; 857,714]	857681	857714	TGCCTGATGCGGCGTTAACGCCTTATCCGGCCTA	-	COLI-K12-17
REP163A	[REP163a 2,340,314 &rarr; 2,340,350]	2340314	2340350	CCTGATGCGACGCTTGCCGCGTCTTATCAGGCCTACA	+	COLI-K12-46
REP69A	[REP69a 770,676 &rarr; 770,708]	770676	770708	CCGGATACGGCATGAACGCTTTATTCGGTCTAC	+	COLI-K12-15
REP60A	[REP60a 696,308 &larr; 696,343]	696308	696343	TGTCGGATGCGACGCTGCCGCGTCTTATCCGACCTA	-	COLI-K12-13
REP151A	[REP151a 2,177,409 &larr; 2,177,444]	2177409	2177444	TGCCTGATGCGACGCTGAAGCGTCTTATCATGCCTA	-	COLI-K12-43
REP48B	[REP48b 508,631 &rarr; 508,666]	508631	508666	CCTGATGCGACGCTTACCCGTCTTATCAGGCCTACA	+	COLI-K12-10
REP139A	[REP139a 1,954,430 &rarr; 1,954,463]	1954430	1954463	CCGGATGCGGCGTGAACGCCTTATCCGGCCTACA	+	COLI-K12-39
REP354A	[REP354a 4,628,696 &larr; 4,628,729]	4628696	4628729	TGCCGGATGCGGCGTGAACACCGTTTCCGGTCTA	-	COLI-K12-92
REP113B	[REP113b 1,382,906 &larr; 1,382,941]	1382906	1382941	TGCCAGATGCGATGCTAGCGCATCTTATCCGGCCTA	-	COLI-K12-27
REP343	[REP343 4,488,506 &larr; 4,488,541]	4488506	4488541	TGCCTGATGCGACGCTGGCGCGTCTTATCATGCCCA	-	COLI-K12-89
REP331A	[REP331a 4,409,154 &rarr; 4,409,187]	4409154	4409187	CCGGATGCGGCGTGAACGCCTTATCCGGCCTACA	+	COLI-K12-88
REP325F	[REP325f 4,326,052 &rarr; 4,326,085]	4326052	4326085	CCGGATGCGGCGTAAACGCCTTATCCGGCCTACG	+	COLI-K12-86
REP321F	[REP321f 4,296,135 &larr; 4,296,168]	4296135	4296168	TGTCGGATGCGGCATAAACGCCTTATCCGACCTA	-	COLI-K12-86
REPV9	[REPv9 129,348 &rarr; 129,362]	129348	129362	CCGGAACATCCGGCA	+	COLI-K12-2
REP31A	[REP31a 374,931 &rarr; 374,964]	374931	374964	CCGGATGCGGCGTGAACGCCTTATCCGGCCTACG	+	COLI-K12-7
REPV54A	[REPv54a 610,118 &rarr; 610,146]	610118	610146	CCTGATGCGCTACGCTTATCAGGCCTACA	+	COLI-K12-12
REP309F	[REP309f 4,153,660 &rarr; 4,153,693]	4153660	4153693	CCGGATGCGGCGCGAGCGCCTTATCCGGCCTACG	+	COLI-K12-83
REPV318B	[REPv318b 4,266,958 &rarr; 4,266,985]	4266958	4266985	TGCTCTTATAAAGGTCGTGCCTCTGGCG	+	COLI-K12-85
REP2B	[REP2b 25,763 &larr; 25,796]	25763	25796	TGCCGGATGCGGCGTAAACGCCTTATCCGGCCTA	-	COLI-K12-0
REPV266B	[REPv266b 3,706,033 &larr; 3,706,061]	3706033	3706061	TGCCTGATGCGCTCCGCTTATCAGGCCTA	-	COLI-K12-74
REP292	[REP292 4,040,865 &rarr; 4,040,900]	4040865	4040900	CCGGATGCGACGCTGGCGCGTCTTATCCAGCCTACT	+	COLI-K12-80
REPV23D	[REPv23d 339,902 &larr; 339,930]	339902	339930	TGCCTGATGCGCTACGCTTATCAGGCCTA	-	COLI-K12-6
REP280A	[REP280a 3,877,587 &rarr; 3,877,620]	3877587	3877620	CCGGATGCGGCGTGAACGCCTTATCCGGCCTACA	+	COLI-K12-77
REPV194	[REPv194 2,828,562 &rarr; 2,828,590]	2828562	2828590	CCTGATGCGCTACGCTCATCAGGCATACA	+	COLI-K12-56
REP268B	[REP268b 3,736,205 &rarr; 3,736,238]	3736205	3736238	TCGGATGCGGCGTGAACGCCTTATCCGACCTACC	+	COLI-K12-74
REPV126A	[REPv126a 1,691,426 &rarr; 1,691,454]	1691426	1691454	CCTGATGCGCTACGCTTATCAGGCCTACC	+	COLI-K12-33
REP25C	[REP25c 349,699 &rarr; 349,734]	349699	349734	CCTGATGCGCCGCTGACGTGACTTATCAGGCCTACG	+	COLI-K12-7
REPT84	[REPt84 911,148 &rarr; 911,173]	911148	911173	CCCGATGAAAGGAATATCATCGGGCA	+	COLI-K12-18
REP245F	[REP245f 3,392,309 &larr; 3,392,343]	3392309	3392343	TGCCTGATGCGACGCTGTGCGTCTTATCAGGCCTA	-	COLI-K12-67
REPT344	[REPt344 4,536,406 &rarr; 4,536,431]	4536406	4536431	GCGGATGTCTATTAAGGCATCCGGCT	+	COLI-K12-90
REP239B	[REP239b 3,281,751 &larr; 3,281,784]	3281751	3281784	TGCTGGATGCGGCGCAAACGCTTTATCCGGCCTT	-	COLI-K12-65
REPT285	[REPt285 3,956,885 &rarr; 3,956,910]	3956885	3956910	CCTGATAGCGCTTCGCTTATCAGGCC	+	COLI-K12-79
REP229A	[REP229a 3,217,435 &rarr; 3,217,471]	3217435	3217471	CCGGATGCGACGCTTGACGCGCCTTATCCGGCCTACA	+	COLI-K12-64
REPT232	[REPt232 3,233,700 &rarr; 3,233,720]	3233700	3233720	CCGGATGCAACGCATCCGGCA	+	COLI-K12-64
REP216A	[REP216a 3,093,967 &rarr; 3,094,000]	3093967	3094000	CCGGATGCGGCGTGAACACCTTATCCAGCACACA	+	COLI-K12-62
REPT20	[REPt20 254,218 &rarr; 254,245]	254218	254245	CCGGAAGGCGATTAAACGCCATCCGGCA	+	COLI-K12-5
REP200	[REP200 2,888,335 &rarr; 2,888,371]	2888335	2888371	CCTGATGCGACGCTCACGCGTTCTTATCAGGCCTACA	+	COLI-K12-57
REPT143	[REPt143 2,097,238 &rarr; 2,097,267]	2097238	2097267	GCGGATGCGATATTGTTGCCGCATCCGGCA	+	COLI-K12-42
REP18A	[REP18a 247,459 &larr; 247,492]	247459	247492	TGCCGGATGCGGCGTAAACGCCTTATCCGTCCTA	-	COLI-K12-4
REPT11	[REPt11 141,979 &rarr; 141,999]	141979	141999	CCGGATGTGTTGCATCCGGCA	+	COLI-K12-2
REP17B	[REP17b 244,178 &rarr; 244,213]	244178	244213	CCTGATGCGACGCTGACGCGTCTTATCATGCCTACA	+	COLI-K12-4
REP8D	[REP8d 111,594 &rarr; 111,630]	111594	111630	CCTGATGCGACGCTGTCCGCGTCTTATCAGGCCTACG	+	COLI-K12-2
REP170	[REP170 2,440,344 &rarr; 2,440,379]	2440344	2440379	TCGGATGCGACGCTGGCGCGTCTACTCCGACCTACT	+	COLI-K12-48
REP77B	[REP77b 837,586 &larr; 837,621]	837586	837621	TGCCTGATGCGACGCTACCGCGTCTTATCAGGCCTA	-	COLI-K12-16
REP162B	[REP162b 2,316,884 &rarr; 2,316,917]	2316884	2316917	CCGGATGCGGCGTAAACGCCTTATCCGGCCTACG	+	COLI-K12-46
REP68B	[REP68b 762,804 &rarr; 762,839]	762804	762839	CCTGATGCGACGCTGACGCGTCTTATCAGGCCTACG	+	COLI-K12-15
REP161A	[REP161a 2,304,418 &larr; 2,304,451]	2304418	2304451	TGTCGGATGCGGCGTGACCGCCTTGTCTGACCTA	-	COLI-K12-46
REP54B	[REP54b 610,182 &larr; 610,215]	610182	610215	TGCCGGATGCGGCGTGAACGCCTTATCCGGCCTA	-	COLI-K12-12
REP149B	[REP149b 2,165,062 &rarr; 2,165,097]	2165062	2165097	ACGCATGGTCAGCAAACTGACATTATCTCTCCGCCC	+	COLI-K12-43
REP46A	[REP46a 501,445 &larr; 501,478]	501445	501478	TGCCAGATGCGGCGTGAACGCCTTATCTGGCCTA	-	COLI-K12-10
REP135B	[REP135b 1,929,974 &larr; 1,930,007]	1929974	1930007	TGGCGGATGCGGCGCGAGTGCCTTGTCCGCCCCA	-	COLI-K12-38
REP352G	[REP352g 4,614,561 &larr; 4,614,594]	4614561	4614594	TGCCGGATGCGGCGCGAACGCCTTATCCGGCCTA	-	COLI-K12-92
REP110	[REP110 1,357,360 &rarr; 1,357,393]	1357360	1357393	CCAGATGCGGCGTGAACGCTTTATCCGGACAACG	+	COLI-K12-27
REP340	[REP340 4,478,940 &larr; 4,478,973]	4478940	4478973	TGCCGGATGTGACATGAATGCCTTATCCGGGCTA	-	COLI-K12-89
REP32C	[REP32c 377,436 &rarr; 377,472]	377436	377472	CCTGATGCGACGCTTTGCGCGTCTTATCAGGCCTACG	+	COLI-K12-7
REP325C	[REP325c 4,325,903 &larr; 4,325,938]	4325903	4325938	TGCCTGATGCGACGCTTGCGCGTCTTATCAGGCCTA	-	COLI-K12-86
REP321C	[REP321c 4,295,949 &rarr; 4,295,985]	4295949	4295985	CCTGATGCGACGCTTAACGCGTCTTATCAGGCCTACG	+	COLI-K12-86
REPV82B	[REPv82b 899,766 &larr; 899,794]	899766	899794	TGCCTGATGCGCTACGCTTATCAGGCCTA	-	COLI-K12-18
REP316C	[REP316c 4,249,413 &larr; 4,249,446]	4249413	4249446	TGCCGGATGCGGCGTAAACGCCTTATCCGGCCTA	-	COLI-K12-85
REPV43B	[REPv43b 490,029 &larr; 490,057]	490029	490057	TGCCTGATGCGCTACGCTTATCAGGCCTA	-	COLI-K12-9
REP309C	[REP309c 4,153,471 &rarr; 4,153,506]	4153471	4153506	TCGGTCGGATAAGATGCGCAAGTATCGCATCCGACA	+	COLI-K12-83
REPV305B	[REPv305b 4,128,021 &larr; 4,128,049]	4128021	4128049	CGCCTGATGCGCTACGCTTATCAGGCCTA	-	COLI-K12-82
REP299H	[REP299h 4,094,634 &rarr; 4,094,669]	4094634	4094669	CCTGATGCGACGCTGTCGCGTCTTATCAGGCCTACA	+	COLI-K12-82
REPV261B	[REPv261b 3,639,279 &larr; 3,639,307]	3639279	3639307	TGCCTGATGCGCTACGCTTATCAGGCCTA	-	COLI-K12-72
REP291D	[REP291d 4,027,471 &larr; 4,027,504]	4027471	4027504	TGCCGGATGCGGCGTAAACGCCTTATCCGGCCTA	-	COLI-K12-80
REPV234B	[REPv234b 3,252,135 &larr; 3,252,163]	3252135	3252163	CGCCAGATGCGCTACGCTTATCTGGTCTG	-	COLI-K12-65
REP278B	[REP278b 3,841,927 &larr; 3,841,945]	3841927	3841945	GTTTCGTCTTATCAGCCTA	-	COLI-K12-77
REPV183A	[REPv183a 2,654,971 &rarr; 2,654,999]	2654971	2654999	CCTGATGCGCTACGCTTATCAGGCCTACA	+	COLI-K12-53
REP267A	[REP267a 3,708,273 &larr; 3,708,306]	3708273	3708306	TGTCGGATGCGGCGCGACCGCCTTATTCGACCTA	-	COLI-K12-74
REPV118B	[REPv118b 1,534,930 &larr; 1,534,958]	1534930	1534958	TGTCTGATGCGCTTCGCCTGTCAGGTCTA	-	COLI-K12-30
REP259B	[REP259b 3,598,463 &larr; 3,598,496]	3598463	3598496	TGCCGGATGCGGCGTAAACGCCTTATCCGGCCTA	-	COLI-K12-72
REPT74	[REPt74 819,759 &rarr; 819,785]	819759	819785	CCGGATAAGGCACCGCTGCGTCCGGCA	+	COLI-K12-16
REP245C	[REP245c 3,392,169 &rarr; 3,392,202]	3392169	3392202	TCGGATGCGGCGTAAACGCCTTATCCGACCTACG	+	COLI-K12-67
REPT330	[REPt330 4,386,020 &rarr; 4,386,039]	4386020	4386039	CCGGATTGGTTCATCCGGCA	+	COLI-K12-87
REP236B	[REP236b 3,255,285 &larr; 3,255,320]	3255285	3255320	TGCCGGATGCGATGCTGGCGCATCTTGTCCGGCCTA	-	COLI-K12-65
REPT275	[REPt275 3,815,098 &rarr; 3,815,119]	3815098	3815119	CCGGATGACTTTTCATCCGGCG	+	COLI-K12-76
REP227	[REP227 3,214,893 &larr; 3,214,925]	3214893	3214925	TGCCGGGTGCGGCGTAACGCCTGATCCGGCCTA	-	COLI-K12-64
REPT224	[REPt224 3,181,591 &rarr; 3,181,614]	3181591	3181614	CCGGATGGCACTCGCCATCCGGTA	+	COLI-K12-63
REP214B	[REP214b 3,082,757 &rarr; 3,082,792]	3082757	3082792	CCGGATGCGATGCTGGCGCATCTTATCCGGCCTACG	+	COLI-K12-61
REPT196	[REPt196 2,837,466 &rarr; 2,837,492]	2837466	2837492	CCGGACACGACAGCGTCGCATCCGGCA	+	COLI-K12-56
REP19D	[REP19d 248,302 &larr; 248,335]	248302	248335	TGCCGGATGCGGCGTGAACGCCTTATCCGTCCTA	-	COLI-K12-4
REPT137	[REPt137 1,939,100 &rarr; 1,939,129]	1939100	1939129	CCGGATGCGGCGAAAACGCCACATCCGGCC	+	COLI-K12-38
REP185	[REP185 2,673,777 &rarr; 2,673,810]	2673777	2673810	CCGGATGCGGCGTGAACGCCTTATCCGGCATTTA	+	COLI-K12-53
REPT106	[REPt106 1,190,581 &rarr; 1,190,603]	1190581	1190603	CCGGACAGCATCGCCATCCGGCA	+	COLI-K12-23
REP179B	[REP179b 2,581,663 &rarr; 2,581,698]	2581663	2581698	CCGGATGCGACGCTGACGCGTCTTATCCGGCCTACA	+	COLI-K12-51
REP8A	[REP8a 111,431 &larr; 111,464]	111431	111464	TGTCGGATGCGGCGAAAACGCCTTATCTGACCTA	-	COLI-K12-2
REP169B	[REP169b 2,430,978 &larr; 2,431,013]	2430978	2431013	TGCCTGATGCGACGCTGGCGCGTCTTATCAGGCCTA	-	COLI-K12-48
REP73B	[REP73b 815,649 &larr; 815,682]	815649	815682	TGCCGGATGCGGCGTGAACGCCTTATCCGGCCTA	-	COLI-K12-16
REP161K	[REP161k 2,304,983 &larr; 2,305,016]	2304983	2305016	TGTTGGATGCGGCGTAACCGCCTTATCCAACCTA	-	COLI-K12-46
REP67A	[REP67a 758,410 &larr; 758,445]	758410	758445	TGCCTGATGCGACGCTTGCGCGTCTTATCAGGCCTA	-	COLI-K12-15
REP158	[REP158 2,256,039 &rarr; 2,256,075]	2256039	2256075	CCGGATGCAACGCTTAATACGTTTTATCCGGTCTACA	+	COLI-K12-45
REP52B	[REP52b 551,397 &larr; 551,410]	551397	551410	TGCCGGATGCGGCA	-	COLI-K12-11
REP147A	[REP147a 2,146,601 &rarr; 2,146,636]	2146601	2146636	CCTGATGCGACGCTAACGCGTCTTATCATGCCTACA	+	COLI-K12-43
REP39	[REP39 443,019 &larr; 443,050]	443019	443050	TGTCGGATGCGGCAAACGTCGCATCTGACCAG	-	COLI-K12-8
REP144D	[REP144d 2,118,618 &larr; 2,118,652]	2118618	2118652	TGCCGGATGCGGCGTAAAACGCCTTATCCGTCCTA	-	COLI-K12-42
REP36	[REP36 422,373 &larr; 422,405]	422373	422405	AGCCGGATCAGGATTTCCTCCTGAACCGGCTTA	-	COLI-K12-8
REP132	[REP132 1,852,563 &larr; 1,852,598]	1852563	1852598	TGCCAGATGTGCCACTGACGTGTTTTATTTGGCCTA	-	COLI-K12-37
REP352D	[REP352d 4,614,407 &rarr; 4,614,443]	4614407	4614443	CCTGATGCGACGCTTGTCGCGTCTTATCATGCCTACA	+	COLI-K12-92
REP102B	[REP102b 1,165,788 &rarr; 1,165,814]	1165788	1165814	CCTGATGCGCTTCTTATCAGGCCTACC	+	COLI-K12-23
REP338B	[REP338b 4,460,466 &larr; 4,460,499]	4460466	4460499	TGCCGGATGCGGCGTAAACGCCTTATCCGGCCTA	-	COLI-K12-89
REP329A	[REP329a 4,374,499 &rarr; 4,374,532]	4374499	4374532	CCGGATGCAGCGTAAACGCCTTATCCGGCCTACA	+	COLI-K12-87
REP324B	[REP324b 4,323,298 &rarr; 4,323,333]	4323298	4323333	TCGGATGCGACGCCGGGGCGTCTTATCCGACCTACG	+	COLI-K12-86
REP320B	[REP320b 4,285,344 &rarr; 4,285,379]	4285344	4285379	CCTGATGCGACGCTGTCGCGTCTTATCAGGCCTACA	+	COLI-K12-85
REPV75A	[REPv75a 832,290 &rarr; 832,318]	832290	832318	CCTGATGCGCTACGCTTATCAGGCCTACG	+	COLI-K12-16
REP315C	[REP315c 4,245,185 &larr; 4,245,218]	4245185	4245218	TGCCGGATGCGGCGTGAACGCCTTGTCCGGCCTA	-	COLI-K12-85
REPV353A	[REPv353a 4,618,118 &rarr; 4,618,146]	4618118	4618146	CCTGATGCGCTGCGCTTATCAGGCCTACG	+	COLI-K12-92
REP308B	[REP308b 4,148,476 &larr; 4,148,512]	4148476	4148512	TGCCGGATGCGACGCTTGACGCGTCTTATCCGGCCTA	-	COLI-K12-83
REPV293A	[REPv293a 4,050,034 &rarr; 4,050,062]	4050034	4050062	CCTGATGCGCTATGTTTATCAGGCCAACG	+	COLI-K12-81
REP299E	[REP299e 4,094,501 &larr; 4,094,534]	4094501	4094534	TGCCGGATGCGGCACAAGTGCCTTATCCGGCCTA	-	COLI-K12-82
REPV258B	[REPv258b 3,592,635 &larr; 3,592,663]	3592635	3592663	TGCCTGATGCGCTGCGCTTATCAGGCCTA	-	COLI-K12-72
REP291A	[REP291a 4,027,323 &rarr; 4,027,358]	4027323	4027358	CCCGATGCGACGCTGTCGCGTCTTATCGTGCCTACA	+	COLI-K12-80
REPV222C	[REPv222c 3,150,668 &larr; 3,150,696]	3150668	3150696	TGCCTGATGCGCTACGCTTATCAGGCCTA	-	COLI-K12-63
REP272	[REP272 3,777,065 &larr; 3,777,098]	3777065	3777098	TGCCGGATGCGGCGTGAACACCTTACTCGGCCTA	-	COLI-K12-75
REPV173	[REPv173 2,521,539 &rarr; 2,521,567]	2521539	2521567	CCTGATGCGCTTCACTTAGCAGACTACTA	+	COLI-K12-50
REP263B	[REP263b 3,674,439 &larr; 3,674,474]	3674439	3674474	AGCCGGATGCGATGCTGGCGCATCTTATCCGGCCTA	-	COLI-K12-73
REPV10A	[REPv10a 138,700 &rarr; 138,728]	138700	138728	CCTGATGCGCTACGCTTATCAGGCCTACG	+	COLI-K12-2
REP254B	[REP254b 3,547,938 &larr; 3,547,974]	3547938	3547974	TGCCGGATGCGATGCTTGACGCGTCTTATCCGGCCTA	-	COLI-K12-71
REPT56	[REPt56 654,553 &rarr; 654,575]	654553	654575	CCGGAGGAAACTTGCCTCCGGCA	+	COLI-K12-13
REP244	[REP244 3,336,920 &larr; 3,336,953]	3336920	3336953	GGCCGGATATGGCGTTAACCGCCTGTCCGGCAAA	-	COLI-K12-66
REPT312B	[REPt312b 4,229,428 &rarr; 4,229,446]	4229428	4229446	CCGGATCATGCATCCGGCA	+	COLI-K12-84
REP233B	[REP233b 3,234,691 &larr; 3,234,724]	3234691	3234724	TGCCGGATGCGGCGTAAACGCCTTATCCGGCCTA	-	COLI-K12-64
REPT26A	[REPt26a 354,600 &rarr; 354,627]	354600	354627	TCGGATGCGTCGCGCGGTGCATCCGGCA	+	COLI-K12-7
REP225A	[REP225a 3,203,145 &rarr; 3,203,178]	3203145	3203178	CCGGATGCGGCGTAAACGCCTTATCCGGCTACAT	+	COLI-K12-64
REPT220	[REPt220 3,119,562 &rarr; 3,119,588]	3119562	3119588	CCGGATGATATTAACGATCATCCGGCT	+	COLI-K12-62
REP210C	[REP210c 3,042,441 &rarr; 3,042,476]	3042441	3042476	CCTGATGCGACGCTGGCGCGTCTTATCAGGCCTACA	+	COLI-K12-60
REPT189	[REPt189 2,717,459 &rarr; 2,717,484]	2717459	2717484	CCGGATGGCAGAGTTGCCACCCGGCT	+	COLI-K12-54
REP19A	[REP19a 248,148 &rarr; 248,183]	248148	248183	CCTGATGCGACGCTAGCGCGTCTTATCATGCCTACA	+	COLI-K12-4
REPT129C	[REPt129c 1,816,345 &rarr; 1,816,374]	1816345	1816374	CCGGATGCAAGGTTCACGCCGCATCTGGCA	+	COLI-K12-36
REP184D	[REP184d 2,662,448 &larr; 2,662,484]	2662448	2662484	TGCCTGATGCGACGCGTAATGCGTCTTATCAGGCCTA	-	COLI-K12-53
REPT101B	[REPt101b 1,145,977 &rarr; 1,146,003]	1145977	1146003	CCGGATGCGACGTAACCACATCCGGCG	+	COLI-K12-22
REP178C	[REP178c 2,568,240 &rarr; 2,568,273]	2568240	2568273	GCGGATGCGGCGTGAACGCCTTATCCGCCCTACA	+	COLI-K12-51
REP85	[REP85 937,225 &larr; 937,260]	937225	937260	TGCCGGATGCGACGCTACCGCGCCTTATCCGGCATA	-	COLI-K12-18
REP165	[REP165 2,348,782 &rarr; 2,348,817]	2348782	2348817	CCAGATACAACGCTTATGCGTCTTATCTGGCCTACA	+	COLI-K12-47
REP72B	[REP72b 805,857 &larr; 805,890]	805857	805890	TGCCGGATGCTGCGAAAATGCCTTATCTGGCCTA	-	COLI-K12-16
REP161H	[REP161h 2,304,811 &rarr; 2,304,846]	2304811	2304846	CCTGATGCGACGCTGGCGCGTCTTATCAGGCCTACA	+	COLI-K12-46
REP65B	[REP65b 715,329 &larr; 715,362]	715329	715362	TGCCGGATGCGGCGTGAACGCCTTATCCGGCCTA	-	COLI-K12-14
REP156B	[REP156b 2,236,601 &larr; 2,236,636]	2236601	2236636	TGCCGGATGCAACGCTGGCGCGTTTTATCCGGCCTA	-	COLI-K12-44
REP50A	[REP50a 543,088 &rarr; 543,120]	543088	543120	CCGGATGCGGCATGAGTACCATATCCTTCCTGA	+	COLI-K12-10
REP144A	[REP144a 2,118,467 &rarr; 2,118,502]	2118467	2118502	CCTGATGCGACGCTGACGCGTCTTATCAGGCCTACA	+	COLI-K12-42
REP35B	[REP35b 411,132 &larr; 411,165]	411132	411165	TGCCGGATGCGGCGTGAACGCCTTATCCGGCCTA	-	COLI-K12-8
REP128B	[REP128b 1,736,026 &larr; 1,736,057]	1736026	1736057	TGCCGGATGCGGCGAGTGCCTTATCCGACCTA	-	COLI-K12-34
REP352A	[REP352a 4,614,258 &larr; 4,614,291]	4614258	4614291	TGCCGGATGCGGCGTGAACGCCTTATCCGGCCTA	-	COLI-K12-92
REP100B	[REP100b 1,134,651 &larr; 1,134,684]	1134651	1134684	TGCCGGATGCGGCGTAAACGCCTTATCCGGCCTA	-	COLI-K12-22
REP337A	[REP337a 4,457,186 &larr; 4,457,219]	4457186	4457219	TGCCGGATGCGGCGTGAACGCCTTATCCGGCCTA	-	COLI-K12-89
REP326	[REP326 4,332,015 &rarr; 4,332,046]	4332015	4332046	ATGGCCTGATGTGACGCTGTCTTATCAGGCCA	+	COLI-K12-86
REP323A	[REP323a 4,317,918 &rarr; 4,317,953]	4317918	4317953	TCGGATGCGACGCTGACGCGTCTTATCCGACCTACG	+	COLI-K12-86
REP31H	[REP31h 375,285 &larr; 375,320]	375285	375320	TGCCTGATGCGACGCTAACGCGTCTTATCAGGCCTA	-	COLI-K12-7
REPV6C	[REPv6c 66,651 &rarr; 66,679]	66651	66679	CCGGATGCGCTTTGCTTATCCGGCCTACA	+	COLI-K12-1
REP314	[REP314 4,240,158 &rarr; 4,240,194]	4240158	4240194	CCGGATGCGCCGCCAGGCGCGGCTTATCCGGCCTACG	+	COLI-K12-84
REPV335A	[REPv335a 4,441,394 &rarr; 4,441,422]	4441394	4441422	CCTGATACGCTATGCCGATCAGGCCTACG	+	COLI-K12-89
REP306	[REP306 4,132,348 &larr; 4,132,381]	4132348	4132381	TGCCGGATTCGTCGTAAACGCTTAATCCGGCCTA	-	COLI-K12-82
REPV283A	[REPv283a 3,908,388 &rarr; 3,908,416]	3908388	3908416	CCTGATGCACTTCGCTAATCAGGCTTACC	+	COLI-K12-78
REP299A	[REP299a 4,094,317 &larr; 4,094,348]	4094317	4094348	CCGGATGCGGCGCGAGCGCCTTATCCGGCCTA	-	COLI-K12-82
REPV256A	[REPv256a 3,563,583 &rarr; 3,563,611]	3563583	3563611	CCTGATGCGCTACGCTTATCAGGCCTACG	+	COLI-K12-71
REP288B	[REP288b 4,000,220 &larr; 4,000,253]	4000220	4000253	TGCCGGATGCGGCGTAAACGCCCTATCCGGCCTA	-	COLI-K12-80
REPV218B	[REPv218b 3,101,747 &larr; 3,101,775]	3101747	3101775	TGCCTGATGCGCTACGCTTATCAGGCCTG	-	COLI-K12-62
REP270A	[REP270a 3,754,861 &rarr; 3,754,894]	3754861	3754894	CCGGATGCGGCGTGTACGCCTTATCCGGCCTACG	+	COLI-K12-75
REPV141B	[REPv141b 2,002,039 &larr; 2,002,067]	2002039	2002067	TGCCTGATGCGCTGCGCTTATCAGGCCTA	-	COLI-K12-40
REP261A	[REP261a 3,639,210 &rarr; 3,639,243]	3639210	3639243	CCGGATGCGGCGTGAACGCCTTATCCGGCCTACA	+	COLI-K12-72
REPV104A	[REPv104a 1,180,355 &rarr; 1,180,383]	1180355	1180383	CCTGATGCACTACGCTTATCAGGCCTGCA	+	COLI-K12-23
REP252	[REP252 3,539,747 &larr; 3,539,780]	3539747	3539780	TGCCAGATGCGGCGTGAACGCCTTATCTGCCCTA	-	COLI-K12-70
REPT47	[REPt47 506,577 &rarr; 506,596]	506577	506596	CCGGATGTTTGCATCCGGCA	+	COLI-K12-10
REP242A	[REP242a 3,313,253 &larr; 3,313,288]	3313253	3313288	TGCCTGATGTGACGCTGGCGCGTCTTATCAGGTCAA	-	COLI-K12-66
REPT303	[REPt303 4,110,711 &rarr; 4,110,729]	4110711	4110729	CCGGATATGAAATCCGGCA	+	COLI-K12-82
REP231E	[REP231e 3,231,453 &rarr; 3,231,486]	3231453	3231486	GCGGATGCGGCGTGGACGCCTTATCCGCCCTACA	+	COLI-K12-64
REPT264C	[REPt264c 3,676,262 &rarr; 3,676,282]	3676262	3676282	CCGGATGTCAGACATCCGGCA	+	COLI-K12-73
REP221A	[REP221a 3,139,622 &larr; 3,139,655]	3139622	3139655	TGCCGGATGCGGCGTGAACGCCTTATCCGGCCTG	-	COLI-K12-62
REPT211	[REPt211 3,045,114 &rarr; 3,045,141]	3045114	3045141	CCGGATGCAATACTTGTTGCATCCGGTC	+	COLI-K12-61
REP209B	[REP209b 3,012,458 &rarr; 3,012,491]	3012458	3012491	CCGGATGCGGCGCGAGCGCCTTATCCGTCCTACA	+	COLI-K12-60
REPT177	[REPt177 2,555,193 &rarr; 2,555,216]	2555193	2555216	CCGGGTGTTGTAGGACACCCGGCA	+	COLI-K12-51
REP195A	[REP195a 2,835,068 &rarr; 2,835,103]	2835068	2835103	TCGGATGCGACGCTGGCGCGTCTTATCCGACCTACG	+	COLI-K12-56
REPT124	[REPt124 1,657,889 &rarr; 1,657,909]	1657889	1657909	CCGGATATGACAAATCCGGCG	+	COLI-K12-33
REP184A	[REP184a 2,662,310 &rarr; 2,662,343]	2662310	2662343	TCGGATGCGGCGTGAACGCCATATCCGCCCTGGG	+	COLI-K12-53
REP95A	[REP95a 1,084,683 &rarr; 1,084,718]	1084683	1084718	CCTGATGCGACGCTTGCGCGTCTTATCATGCCTACA	+	COLI-K12-21
REP176B	[REP176b 2,549,531 &larr; 2,549,564]	2549531	2549564	CGCCGGATGCGGCGTGAACGCCTTATCCGGCCTA	-	COLI-K12-51
REP82A	[REP82a 899,697 &rarr; 899,730]	899697	899730	CCGGATGCGGCGTAAACGCCTTATCCGGCCTACA	+	COLI-K12-18
REP164C	[REP164c 2,347,248 &rarr; 2,347,281]	2347248	2347281	CCGGATGCAGCGTGAACGCCTTATCCGGCCTACG	+	COLI-K12-47
REP70	[REP70 786,736 &larr; 786,770]	786736	786770	TGCCTGATGCGACGCTGCGCGACTTATCAGGCCTG	-	COLI-K12-15
REP161E	[REP161e 2,304,644 &larr; 2,304,677]	2304644	2304677	TGTCGGATGCGGCGTAACCGCCTTATCCGACCTA	-	COLI-K12-46
REP63A	[REP63a 707,771 &larr; 707,804]	707771	707804	TGCCGGATGCGACGTAAACGCCCCATCCGGCATA	-	COLI-K12-14
REP154B	[REP154b 2,226,434 &rarr; 2,226,469]	2226434	2226469	CCTGATACGACGCTTGTGCGTCTTTTCATGCCGACC	+	COLI-K12-44
REP4A	[REP4a 39,152 &rarr; 39,185]	39152	39185	CCGGATGCGGCGTAAACGCTTTATCCGGCCTACA	+	COLI-K12-0
REP140B	[REP140b 1,966,350 &larr; 1,966,385]	1966350	1966385	TGCCTGATGTGGCGTGACCACGTCATATCAGGCGGT	-	COLI-K12-39
REP355B	[REP355b 4,633,136 &rarr; 4,633,169]	4633136	4633169	CCGGATGCGGCGTGAACGCCTTATCCGTCCTACA	+	COLI-K12-92
REP120A	[REP120a 1,552,072 &rarr; 1,552,105]	1552072	1552105	CCGGATGCGGCGTGAACGCCTTATCCGGCATGAA	+	COLI-K12-31
REP350	[REP350 4,597,098 &rarr; 4,597,136]	4597098	4597136	CCGTAGAAGGCGTGTAGGTCGCACCCTATGCGACCTACA	+	COLI-K12-92
REP335B	[REP335b 4,441,458 &larr; 4,441,491]	4441458	4441491	TGCCTGATGCGGCGTAAACGACTTACCAGGCCTA	-	COLI-K12-89
REP325J	[REP325j 4,326,252 &rarr; 4,326,285]	4326252	4326285	CCGGATGCGGCGTAAACGCCTTATCCGGCCTACG	+	COLI-K12-86
REP321J	[REP321j 4,296,361 &larr; 4,296,392]	4296361	4296392	TGTCGGATGCGGTAAACGCCTTATCCGACCTA	-	COLI-K12-86
REP31E	[REP31e 375,133 &rarr; 375,166]	375133	375166	CCGGATGCGGCGTGAACGCCTTATCCGGCCTACG	+	COLI-K12-7
REPV67C	[REPv67c 758,499 &larr; 758,527]	758499	758527	CGCCTGATGCGCTGCGCTTATCAGGCCTA	-	COLI-K12-15
REP312A	[REP312a 4,229,377 &larr; 4,229,413]	4229377	4229413	TGCCTGATGCGACGCTTGACGCGTCTTATCAGGCCTA	-	COLI-K12-84
REPV329B	[REPv329b 4,374,569 &larr; 4,374,597]	4374569	4374597	TGCCTGATTCGCTACGCTTATCAGGCCTA	-	COLI-K12-87
REP301B	[REP301b 4,103,558 &rarr; 4,103,591]	4103558	4103591	CCGGATGCGGCGTAAACGCCTTATCCTGCCTGCA	+	COLI-K12-82
REPV27B	[REPv27b 357,535 &larr; 357,563]	357535	357563	TGCCTGATGCGCTACGCTTATCAGGCCTA	-	COLI-K12-7
REP295B	[REP295b 4,056,521 &larr; 4,056,556]	4056521	4056556	CGCCGGATGCGACGCAAATGCGTCTTATCCGGCCTA	-	COLI-K12-81
REPV243B	[REPv243b 3,330,530 &larr; 3,330,558]	3330530	3330558	AGCCTGATGCGCTACGCTTATCAGGCCTA	-	COLI-K12-66
REP287A	[REP287a 3,984,221 &rarr; 3,984,254]	3984221	3984254	CCGGATGCGGCGTAAACGCCTTATCCGGCCTACA	+	COLI-K12-79
REPV209C	[REPv209c 3,012,527 &larr; 3,012,555]	3012527	3012555	TGCCTGATGCGCTACGCTTATCAGGCCTA	-	COLI-K12-60
REP26B	[REP26b 354,641 &rarr; 354,676]	354641	354676	CCTGATGCGACGCTGACGCGTTTTATCATGCCTACG	+	COLI-K12-7
REPV131A	[REPv131a 1,843,725 &rarr; 1,843,754]	1843725	1843754	CCTGATGGCGCTACGCTTATCAGGCCTACA	+	COLI-K12-36
REP25G	[REP25g 349,885 &rarr; 349,920]	349885	349920	CCTGATGCGCCGCTGACGCGACTTATCAGGCCTACG	+	COLI-K12-7
REPT98	[REPt98 1,115,627 &rarr; 1,115,653]	1115627	1115653	CCGGATGCCATTCTGAAGCATCCGGCA	+	COLI-K12-22
REP249	[REP249 3,504,787 &larr; 3,504,822]	3504787	3504822	CGCCGGATGCGATGCTGGCGCATCTTATCCGGCCTA	-	COLI-K12-70
REPT42	[REPt42 474,272 &rarr; 474,294]	474272	474294	CCGGACGGTTTTCACCTCCGGCT	+	COLI-K12-9
REP23G	[REP23g 340,037 &rarr; 340,070]	340037	340070	CCGGATGCGGCGTGAACGCCTTATCCGGCCTACG	+	COLI-K12-6
REPT298	[REPt298 4,088,082 &rarr; 4,088,102]	4088082	4088102	TCGGATGCGGCGCATCCGACA	+	COLI-K12-81
REP231B	[REP231b 3,231,299 &larr; 3,231,335]	3231299	3231335	TGCCGGATGCAACGCTTGCCGCGTTTTATCCGGCCAG	-	COLI-K12-64
REPT246	[REPt246 3,485,373 &rarr; 3,485,394]	3485373	3485394	CCGGATAAAATACTATCCGGCT	+	COLI-K12-69
REP218A	[REP218a 3,101,697 &rarr; 3,101,730]	3101697	3101730	CCGGATGCGGCGTAAACACCTTATCCCGCCTACT	+	COLI-K12-62
REPT209A	[REPt209a 3,012,402 &rarr; 3,012,425]	3012402	3012425	CCGGGTGGGTAATACCATCCGGCC	+	COLI-K12-60
REP205	[REP205 2,944,995 &larr; 2,945,028]	2944995	2945028	GGTCGGATGAGACGCGAACGTCTTATCCGACCCG	-	COLI-K12-59
REPT160D	[REPt160d 2,291,330 &rarr; 2,291,352]	2291330	2291352	CCCGATGGCATCACCATCGGGCC	+	COLI-K12-45
REP191C	[REP191c 2,794,133 &rarr; 2,794,164]	2794133	2794164	TTGGCCGGGTAAGGCGGAGCCGCTCTCCGGCA	+	COLI-K12-56
REPT12	[REPt12 167,282 &rarr; 167,306]	167282	167306	CCGGATGGCGAGTTGCCATCCGGTA	+	COLI-K12-3
REP181B	[REP181b 2,597,686 &rarr; 2,597,719]	2597686	2597719	TCGGATGCGGCGTGAACGCCTTATCCGAACTACG	+	COLI-K12-52
REP91C	[REP91c 1,062,509 &larr; 1,062,541]	1062509	1062541	TGCCGGATGCGATGACGCATCTTAACCGGTCTA	-	COLI-K12-21
REP172B	[REP172b 2,511,407 &larr; 2,511,440]	2511407	2511440	TGGCGGATGCGGCGTAAACGCCTTATCCGCCCTA	-	COLI-K12-50
REP7A	[REP7a 72,137 &rarr; 72,173]	72137	72173	CCTGATGCGACGCTTGCCGCGTCTTATCAGGCCTACA	+	COLI-K12-1
REP163B	[REP163b 2,340,362 &larr; 2,340,395]	2340362	2340395	TGCCGGATGCGGCGTAAACGCCTTATCCGGCCTA	-	COLI-K12-46
REP6B	[REP6b 66,608 &larr; 66,643]	66608	66643	CGCCTGATGCGACGCTGGCGCGTCTTATCAGGCCTA	-	COLI-K12-1
REP161B	[REP161b 2,304,472 &rarr; 2,304,507]	2304472	2304507	CCTGATGCGACGCTGGCGCGTCTTATCAGGCCTACA	+	COLI-K12-46
REP60B	[REP60b 696,343 &larr; 696,378]	696343	696378	TGTCGAATGCGATGTTGACACGTCTTATCCTTCAAT	-	COLI-K12-13
REP151B	[REP151b 2,177,452 &rarr; 2,177,485]	2177452	2177485	CCGGATGCAGCGTAAACGCCTTATCCGTCCTACG	+	COLI-K12-43
REP48C	[REP48c 508,684 &larr; 508,717]	508684	508717	TGCCGGATGCGGCGTAAACGCCTTATCCGGCCTA	-	COLI-K12-10
REP13A	[REP13a 173,505 &rarr; 173,540]	173505	173540	CCCGATGCGACGCTGGCGCGTCTTATCGGGCCTACA	+	COLI-K12-3
REP354B	[REP354b 4,628,744 &rarr; 4,628,780]	4628744	4628780	CCTGATGCGACGCTTACCGCGTCTTATCAGGCCTACA	+	COLI-K12-92
REP115	[REP115 1,410,934 &rarr; 1,410,970]	1410934	1410970	CCGGATGCGACGCTGGCCGCGTCTTATCCGGCCTCCA	+	COLI-K12-28
REP345	[REP345 4,549,784 &larr; 4,549,819]	4549784	4549819	TGCCAGATGCGACGCTGACGCGTCTTATCTGGCCTA	-	COLI-K12-91
REP332	[REP332 4,415,959 &larr; 4,415,992]	4415959	4415992	TGCCGGATGCGGCGCGAGCGCCTTGTCCGGCCTA	-	COLI-K12-88
REP325G	[REP325g 4,326,103 &larr; 4,326,138]	4326103	4326138	TGCCTGATGCGACGCTTGCGCGTCTTATCAGGCCTA	-	COLI-K12-86
REP321G	[REP321g 4,296,175 &rarr; 4,296,211]	4296175	4296211	CCTGATGCGACGCTTAACGCGTCTTATCAGGCCTACG	+	COLI-K12-86
REPV92A	[REPv92a 1,068,355 &rarr; 1,068,383]	1068355	1068383	CCTGATGCGCGATGCTTATCAGGCCTACC	+	COLI-K12-21
REP31B	[REP31b 374,982 &larr; 375,017]	374982	375017	TGCCTGATGCGACGCTAACGCGTCTTATCAGACCTA	-	COLI-K12-7
REPV61B	[REPv61b 699,495 &larr; 699,523]	699495	699523	TGCCTGATGCGCTACGCTTATCAGGCCTA	-	COLI-K12-14
REP311A	[REP311a 4,218,437 &larr; 4,218,470]	4218437	4218470	TGCCGGATGCGGCGTGAACGCCTTATCCGGCCTA	-	COLI-K12-84
REPV322A	[REPv322a 4,311,015 &rarr; 4,311,042]	4311015	4311042	CCTGATGGCTACATTTATCAGGTCTACG	+	COLI-K12-86
REP3	[REP3 34,728 &rarr; 34,763]	34728	34763	CCAGATGCGATGTTGTAGCATCTTATCCAGCAACCA	+	COLI-K12-0
REPV269A	[REPv269a 3,740,965 &rarr; 3,740,993]	3740965	3740993	CCTGATGCGCTACGCTTATCAGGCCTACA	+	COLI-K12-74
REP294A	[REP294a 4,053,531 &larr; 4,053,564]	4053531	4053564	TGCCTGATGCGGCGTAAACGCCTTATCCGGCCTA	-	COLI-K12-81
REPV23F	[REPv23f 339,995 &larr; 340,023]	339995	340023	TGCCTGATGCGCTACGCTTATCAGGCCTA	-	COLI-K12-6
REP283B	[REP283b 3,908,418 &larr; 3,908,451]	3908418	3908451	TGCCGGATGCGGCGTGAACGCCTGATCCGGCCTA	-	COLI-K12-78
REPV197B	[REPv197b 2,842,474 &larr; 2,842,502]	2842474	2842502	TGCCCGATGCGCTGCGCTTATCGGGCCTT	-	COLI-K12-56
REP268C	[REP268c 3,736,242 &larr; 3,736,277]	3736242	3736277	AGCCTGAAGCGTTGTTGGTGCGTTTTATCATGCCTG	-	COLI-K12-74
REPV128A	[REPv128a 1,735,984 &rarr; 1,736,012]	1735984	1736012	CCTGAAGCGCTACGCTTATCAGGCCTACG	+	COLI-K12-34
REP25D	[REP25d 349,750 &larr; 349,784]	349750	349784	TGTCGGATGCGACGCTATGCGTCTTATCCGACCTA	-	COLI-K12-7
REPT88	[REPt88 1,028,367 &rarr; 1,028,390]	1028367	1028390	CCGGAAGGCAAAAACCTTCCGGGG	+	COLI-K12-20
REP245G	[REP245g 3,392,351 &rarr; 3,392,384]	3392351	3392384	CCGGATGCGGCGTGAACGCCCTATCCGACCTACG	+	COLI-K12-68 // COLI-K12-67
REPT348	[REPt348 4,587,873 &rarr; 4,587,899]	4587873	4587899	CCGGATGCGGCTGCGCCTTATCCGGCC	+	COLI-K12-91
REP23A	[REP23a 339,758 &rarr; 339,791]	339758	339791	CCGGATGCGGCGTGAACGCCTTATCCGGCCTACG	+	COLI-K12-6
REPT290	[REPt290 4,015,323 &rarr; 4,015,345]	4015323	4015345	CCGGGTGGTAATACCACCCGGTC	+	COLI-K12-80
REP229B	[REP229b 3,217,488 &larr; 3,217,523]	3217488	3217523	TGCCTGATGCGATGCTGGCGCATCTTATCAGGCCTG	-	COLI-K12-64
REPT235	[REPt235 3,252,684 &rarr; 3,252,706]	3252684	3252706	CCGGATGTCTGACTCATCCGGCT	+	COLI-K12-65
REP216B	[REP216b 3,094,015 &larr; 3,094,050]	3094015	3094050	TGTCTGATGCGACGCTAACGCGTCTTATCAGACCTA	-	COLI-K12-62
REPT203	[REPt203 2,931,818 &rarr; 2,931,847]	2931818	2931847	CCGGATACGCCGCAAACGTCGTATCCGGCA	+	COLI-K12-58
REP201A	[REP201a 2,894,809 &larr; 2,894,838]	2894809	2894838	CGCTGAATGTCGGATGTGGCGTGCGGCCTA	-	COLI-K12-58
REPT148	[REPt148 2,151,675 &rarr; 2,151,702]	2151675	2151702	GCGGTTGAATTGTTGTCTTCAACCGCCA	+	COLI-K12-43
REP18B	[REP18b 247,507 &rarr; 247,542]	247507	247542	CCTGATGCGACGCTGGCGCGTCTTATCATGCCTACG	+	COLI-K12-4
REPT114	[REPt114 1,388,273 &rarr; 1,388,297]	1388273	1388297	CCTGATGGTGCAACACCATCAGGCA	+	COLI-K12-27
REP17C	[REP17c 244,231 &larr; 244,264]	244231	244264	GGTCGGATGCGGCGTGAACGCATTATTCGGCCTA	-	COLI-K12-4
REP90	[REP90 1,041,986 &larr; 1,042,019]	1041986	1042019	GGCCGGATGCGGCGTGAACGCCTTTTCCGGTCTA	-	COLI-K12-20
REP171A	[REP171a 2,443,790 &rarr; 2,443,823]	2443790	2443823	CCGGATGCGGCGTGAACGCCTTATCCGACCTACG	+	COLI-K12-48
REP77C	[REP77c 837,629 &rarr; 837,662]	837629	837662	CCGGATGCGGCGTAAACGCCTTATCCGTCCTACG	+	COLI-K12-16
REP162C	[REP162c 2,316,949 &larr; 2,316,984]	2316949	2316984	TGCCAGATGCGACGCTGACGCGTCTTATCTGGCCTA	-	COLI-K12-46
REP68C	[REP68c 762,852 &larr; 762,885]	762852	762885	TGTCGGATGCGGCGCTTGCGCCTTATCCGACCTA	-	COLI-K12-15
REP55	[REP55 632,116 &larr; 632,149]	632116	632149	TGCCGGATGCGGCGTGAACGCCTTATCCGGCCTA	-	COLI-K12-12
REP15	[REP15 213,633 &larr; 213,669]	213633	213669	CGCCGGATGCGACGTTTGATGCGTCTTATCCGGCTTT	-	COLI-K12-4
REP46B	[REP46b 501,493 &rarr; 501,528]	501493	501528	CCTGATGCGACGCTGGCGCGTCTTATCATGCCTACA	+	COLI-K12-10
REP138A	[REP138a 1,944,220 &rarr; 1,944,253]	1944220	1944253	TCGGATGCGGCGCGAGCGCCTTATCCGACCTACG	+	COLI-K12-38
REP352H	[REP352h 4,614,609 &rarr; 4,614,645]	4614609	4614645	CCTGATGCGACGCTTGACGCGTCTTATCAGGCCTACA	+	COLI-K12-92
REP112B	[REP112b 1,366,881 &larr; 1,366,914]	1366881	1366914	TGCCGGATGCGGCGTGAATGCTTTATTCGGCATA	-	COLI-K12-27
REP342A	[REP342a 4,484,334 &rarr; 4,484,369]	4484334	4484369	CCTGATGCGACGCTGTTGTGTCTTATCAGGCCTACG	+	COLI-K12-89
REP32D	[REP32d 377,489 &larr; 377,522]	377489	377522	TGCCGGATGCGGCGTGAACGCCTTATCCGGCCTA	-	COLI-K12-7
REP325D	[REP325d 4,325,952 &rarr; 4,325,985]	4325952	4325985	CCGGATGCGGCGTAAACGCCTTATCCGGCCTACG	+	COLI-K12-86
REP321D	[REP321d 4,296,022 &larr; 4,296,055]	4296022	4296055	TGTCGGATGCGGCGTAAACGCCTTATCCGACCTA	-	COLI-K12-86
REPV86B	[REPv86b 984,431 &larr; 984,459]	984431	984459	TGCCTGATGCGCTACGCTTATCAGGCCTA	-	COLI-K12-19
REP317C	[REP317c 4,253,998 &larr; 4,254,031]	4253998	4254031	TGCCGGATGCGGCGAAAACGCCTTATCCGGCCTT	-	COLI-K12-85
REPV50B	[REPv50b 543,156 &larr; 543,184]	543156	543184	TGCCTGATGCGCTTCGCTTATCAGGCCTA	-	COLI-K12-10
REP309D	[REP309d 4,153,537 &rarr; 4,153,570]	4153537	4153570	CCGGATGCGGCGCGAGCGCCTTATCCGGCCTACG	+	COLI-K12-83
REPV307B	[REPv307b 4,137,859 &larr; 4,137,887]	4137859	4137887	TGCCTGATGCGCTACGCTTATCAGGCCTA	-	COLI-K12-82
REP299I	[REP299i 4,094,685 &larr; 4,094,718]	4094685	4094718	TGCCGGATGCGGCGCGAGCGCCTTATCCGGCCTA	-	COLI-K12-82
REPV262B	[REPv262b 3,650,784 &larr; 3,650,812]	3650784	3650812	CGCCTGATGCGCTACGCCTGTCAGGCCTA	-	COLI-K12-73
REP291E	[REP291e 4,027,519 &rarr; 4,027,554]	4027519	4027554	CCTGATGCGACGCTGGCGCGTCTTATCAGGCCTACA	+	COLI-K12-80
REPV237A	[REPv237a 3,269,723 &rarr; 3,269,751]	3269723	3269751	CCTGATGCGCTACGCTTATCAGGCCTACG	+	COLI-K12-65
REP279	[REP279 3,853,713 &rarr; 3,853,748]	3853713	3853748	TCGGATGCGATGCTGACGCATCTTATCCGCCCTACC	+	COLI-K12-77
REPV186A	[REPv186a 2,684,118 &rarr; 2,684,146]	2684118	2684146	CCTGATGCGCTACGCTTATCAGGCCTACA	+	COLI-K12-53
REP267B	[REP267b 3,708,323 &rarr; 3,708,358]	3708323	3708358	CCTGATGCGACGCTGACGCGTCTTATCAGGCCTACG	+	COLI-K12-74
REPV120B	[REPv120b 1,552,140 &larr; 1,552,168]	1552140	1552168	TGCCTGATGCGCTACGCTTATCAGGCCTA	-	COLI-K12-31
REP25A	[REP25a 349,606 &rarr; 349,641]	349606	349641	CCTGATGCGTCGCTGACGCGACTTATCAGGCCTACG	+	COLI-K12-7
REPT76	[REPt76 836,223 &rarr; 836,246]	836223	836246	CCGGATGAGCCATGTCATCCGGCT	+	COLI-K12-16
REP245D	[REP245d 3,392,218 &larr; 3,392,252]	3392218	3392252	TGCCTGATGCGACGCTGTGCGTCTTATCAGGCCTA	-	COLI-K12-67
REPT333	[REPt333 4,431,290 &rarr; 4,431,314]	4431290	4431314	CTGGATGGCGCAATGCCATCCAGCT	+	COLI-K12-88
REP237B	[REP237b 3,269,787 &larr; 3,269,820]	3269787	3269820	TGCCGGATGCGGCGTGAACGCCTTATCCTGCCTA	-	COLI-K12-65
REPT277	[REPt277 3,832,179 &rarr; 3,832,205]	3832179	3832205	CCGGGTACGACTCAGACGTACCCGGCA	+	COLI-K12-76
REP228A	[REP228a 3,216,602 &rarr; 3,216,636]	3216602	3216636	TCTGATAAGACGAACCGCCTCTTCTCAGGCATCAT	+	COLI-K12-64
REPT226	[REPt226 3,209,500 &rarr; 3,209,519]	3209500	3209519	CCGGAAATTGCTCTCCGGCA	+	COLI-K12-64
REP214C	[REP214c 3,082,804 &larr; 3,082,837]	3082804	3082837	TGTCGGATGCGGCGTGAACGCCTTATCCGACCTA	-	COLI-K12-61
REPT198	[REPt198 2,856,427 &rarr; 2,856,450]	2856427	2856450	CCGGACAGATCTGCCTGTCCGGCA	+	COLI-K12-57
REP1A	[REP1a 5,566 &rarr; 5,601]	5566	5601	CCTGATGCGACGCTGGCGCGTCTTATCAGGCCTACG	+	COLI-K12-0
REPT138C	[REPt138c 1,944,317 &rarr; 1,944,346]	1944317	1944346	CCGGATGCGGCGCGAGCGACCAATCCGACT	+	COLI-K12-38
REP186B	[REP186b 2,684,182 &larr; 2,684,215]	2684182	2684215	TGCCGGATGCGGCGTGAACGCCTTATCCGGCCTA	-	COLI-K12-53
REPT107	[REPt107 1,247,659 &rarr; 1,247,689]	1247659	1247689	CCGGATGACATCAGAACGATGCCATCCGAAC	+	COLI-K12-25
REP179C	[REP179c 2,581,699 &rarr; 2,581,717]	2581699	2581717	GCGTCTTATCCGGCCTACA	+	COLI-K12-51
REP8B	[REP8b 111,478 &rarr; 111,513]	111478	111513	CCTGATGCGACGCTGGCGCGTCTTATCAGGCCTAAA	+	COLI-K12-2
REP16A	[REP16a 216,056 &larr; 216,089]	216056	216089	TGCCGGATGCGGCGTAAACGCCTTATCCGGCCTA	-	COLI-K12-4
REP75B	[REP75b 832,354 &larr; 832,387]	832354	832387	TGCCGGATGCGGCGTAAACGCCTTATCCGGCCTA	-	COLI-K12-16
REP161L	[REP161l 2,305,037 &rarr; 2,305,072]	2305037	2305072	CCTGATGCGACGCTGGCGCGTCTTATCAGCATACGC	+	COLI-K12-46
REP67B	[REP67b 758,453 &rarr; 758,486]	758453	758486	CCGGATGCGGCGTGAACGCCTTATCCGGCCTACA	+	COLI-K12-15
REP159	[REP159 2,282,888 &larr; 2,282,921]	2282888	2282921	TGCCAGATGCGGCGTGAACGCCTTATCTGGCCTG	-	COLI-K12-45
REP52C	[REP52c 551,425 &rarr; 551,461]	551425	551461	CCTGATGCGATGCTTGACGCATCTTATCAGGCCTACA	+	COLI-K12-11
REP147B	[REP147b 2,146,651 &larr; 2,146,684]	2146651	2146684	CGCCGGATGCGGTGCGAGCGCCTTATCCGGCCTG	-	COLI-K12-43
REP40A	[REP40a 445,201 &rarr; 445,234]	445201	445234	TCAGATGCGGCATGAACGCCTGATTCGGCCTACA	+	COLI-K12-8
REP37B	[REP37b 431,033 &larr; 431,066]	431033	431066	TGCCGGATGCGGCGTAAACGCTTTGTCCGGCCAA	-	COLI-K12-8
REP134	[REP134 1,868,893 &larr; 1,868,931]	1868893	1868931	AACTGTATGCTACGCCTGTGTTGCCGCTTCTCAGGCCCA	-	COLI-K12-37
REP352E	[REP352e 4,614,460 &larr; 4,614,493]	4614460	4614493	TGCCGGATGCGGCGTGAACGCCTTATCCGGCCTA	-	COLI-K12-92
REP104B	[REP104b 1,180,417 &larr; 1,180,450]	1180417	1180450	TTCCGGATGGGGCGCGAACGCCTTATCCGGCCCA	-	COLI-K12-23
REP339A	[REP339a 4,470,382 &rarr; 4,470,415]	4470382	4470415	CCGGATGCGGCGTAAATGCCTTATCCGGCCAACA	+	COLI-K12-89
REP32A	[REP32a 377,336 &rarr; 377,372]	377336	377372	CCTGATGCGACGCTATGCGCGTCTTATCAGGCCTACG	+	COLI-K12-7
REP325A	[REP325a 4,325,803 &larr; 4,325,838]	4325803	4325838	TGCCTGATGCGACGCTCGCGCGTCTTATCAGGCCGC	-	COLI-K12-86
REP321A	[REP321a 4,295,836 &rarr; 4,295,872]	4295836	4295872	CCTGATGCGACGCTTGCCGCGTCTTATCAGGCCTACG	+	COLI-K12-86
REPV78B	[REPv78b 845,702 &larr; 845,730]	845702	845730	TGCCTGATGCGCTACGCTTATCAGGCCTA	-	COLI-K12-16
REP316A	[REP316a 4,249,322 &larr; 4,249,355]	4249322	4249355	TGCCGAATGCGGCGTAAACGCCTTATCCGGCCCA	-	COLI-K12-85
REPV37A	[REPv37a 430,969 &rarr; 430,997]	430969	430997	CCTGATGCGCTACGCTTATCAGGCCTACG	+	COLI-K12-8
REP309A	[REP309a 4,153,348 &larr; 4,153,383]	4153348	4153383	TGTCGGATGCGATACTTGCGCATCTTATCCGACCTA	-	COLI-K12-83
REPV297B	[REPv297b 4,080,090 &larr; 4,080,118]	4080090	4080118	TGCCTGATGCGCTGCGCTTATCAGGCCTA	-	COLI-K12-81
REP299F	[REP299f 4,094,542 &rarr; 4,094,577]	4094542	4094577	CCTGATGCGACGCTGTCGCGTCTTATCAGGCCTACA	+	COLI-K12-82
REPV259A	[REPv259a 3,598,398 &rarr; 3,598,426]	3598398	3598426	CCTGATGCGCTACGCTTATCAGGCCTACA	+	COLI-K12-72
REP291B	[REP291b 4,027,373 &larr; 4,027,406]	4027373	4027406	TGCCGGATGCGGCGTAAACGCCTTATCCGGCCTA	-	COLI-K12-80
REPV222E	[REPv222e 3,150,781 &larr; 3,150,809]	3150781	3150809	TGCCTGATGCGCTACGCTCATCAGGCCTA	-	COLI-K12-63
REP276A	[REP276a 3,827,339 &rarr; 3,827,353]	3827339	3827353	CCGGATGCGATTCAT	+	COLI-K12-76
REPV174B	[REPv174b 2,538,605 &larr; 2,538,633]	2538605	2538633	TGCCTGATGCGCTACGCTTATCAGGCCTA	-	COLI-K12-50
REP264B	[REP264b 3,676,185 &larr; 3,676,218]	3676185	3676218	TGCCGGATGCGGCGTGAACGCCTTATCCGGCCTA	-	COLI-K12-73
REPV111	[REPv111 1,357,771 &larr; 1,357,800]	1357771	1357800	AGTCGGATGCGCGGCGCATTATCCTGCCTG	-	COLI-K12-27
REP256B	[REP256b 3,563,647 &larr; 3,563,680]	3563647	3563680	TGCCGGATGCGACGTGAACGTCTTATCTGGCCTA	-	COLI-K12-71
REPT57	[REPt57 681,686 &rarr; 681,715]	681686	681715	CCGGATGCAGCGTTTACGCCGCATCCGGCA	+	COLI-K12-13
REP245A	[REP245a 3,392,077 &rarr; 3,392,110]	3392077	3392110	CCGGATGCGGCGTGAACGCCCTATCCAGCCTACG	+	COLI-K12-67
REPT317A	[REPt317a 4,253,902 &rarr; 4,253,919]	4253902	4253919	CCGGATGATCATCCGGCT	+	COLI-K12-85
REP234A	[REP234a 3,252,066 &rarr; 3,252,099]	3252066	3252099	TCGGATGTGGCATGAACGCCTTATCTGACATACA	+	COLI-K12-65
REPT273	[REPt273 3,781,699 &rarr; 3,781,727]	3781699	3781727	CCGGATAGATGATTACATCGCATCCGGCA	+	COLI-K12-75
REP225B	[REP225b 3,203,193 &larr; 3,203,228]	3203193	3203228	CGCCTGATGCGACGCTTGCGCGTCTTATCAGGCCTA	-	COLI-K12-64
REPT222A	[REPt222a 3,150,555 &rarr; 3,150,577]	3150555	3150577	CCGGTTGTGAAAAGCAACCGGGC	+	COLI-K12-63
REP213A	[REP213a 3,070,004 &rarr; 3,070,037]	3070004	3070037	CCGGATGCGGCGTGAACGCCTTATCCGGCCTACA	+	COLI-K12-61
REPT190	[REPt190 2,738,916 &rarr; 2,738,939]	2738916	2738939	CCGGATGATGTGAATCATCCGGCA	+	COLI-K12-54
REP19B	[REP19b 248,201 &larr; 248,234]	248201	248234	TGCCGGATGCGGCATAAACGCCTTATCCGGCCTA	-	COLI-K12-4
REPT133	[REPt133 1,864,754 &rarr; 1,864,774]	1864754	1864774	CCGGGTGCAATGCATCCGGCA	+	COLI-K12-37
REP184E	[REP184e 2,662,492 &rarr; 2,662,525]	2662492	2662525	TCGGATGCGGCGTGAACGCCTTATCCGACCTACG	+	COLI-K12-53
REPT103	[REPt103 1,167,403 &rarr; 1,167,432]	1167403	1167432	GCGGATGTGGCATAAACGCCTCATCCGCCC	+	COLI-K12-23
REP178D	[REP178d 2,568,286 &larr; 2,568,322]	2568286	2568322	TGCCGGATGCGACGCTTGCCGCATCTTATCCAGCCTA	-	COLI-K12-51
REP86A	[REP86a 984,362 &rarr; 984,395]	984362	984395	CCGGATGCGGCACGAGCGCCTTATCCGGCCTACA	+	COLI-K12-19
REP166	[REP166 2,393,132 &rarr; 2,393,167]	2393132	2393167	TCGGATGCACCGCGAAGGCGGCTTATCCGACCTACG	+	COLI-K12-47
REP72C	[REP72c 805,898 &rarr; 805,933]	805898	805933	TCGGATGCGATGCTTGCGCATCTTATCCGACCTACA	+	COLI-K12-16
REP161I	[REP161i 2,304,870 &larr; 2,304,903]	2304870	2304903	TGTCGGATGCGGCGTAACCGCCTTATCCGACCTA	-	COLI-K12-46
REP66A	[REP66a 740,955 &rarr; 740,988]	740955	740988	CCGGATGCGGCGTGAACGCCTTATCCAGCCTACA	+	COLI-K12-14
REP156C	[REP156c 2,236,651 &rarr; 2,236,684]	2236651	2236684	CCGGATGCGGCGTGAACGCCTTATCCGGCCTACA	+	COLI-K12-44
REP51A	[REP51a 3,360,689 &rarr; 3,360,722]	3360689	3360722	GCAAATGCGGCATGAGCGTTTGACCTTTCCTATA	+	COLI-K12-67
REP145	[REP145 2,133,433 &rarr; 2,133,466]	2133433	2133466	CCGGATGCGGCGTGAACGCCTTATCCGGCCTACG	+	COLI-K12-42
REP144B	[REP144b 2,118,522 &larr; 2,118,555]	2118522	2118555	TGCCGGATGCGGCGTGAACGCCTTATCCGTCCTA	-	COLI-K12-42
REP35C	[REP35c 411,181 &rarr; 411,217]	411181	411217	CCTGATGCGACGCTTGCCGCGTCTTATCAGGCCTGCA	+	COLI-K12-8
REP129A	[REP129a 1,816,186 &rarr; 1,816,219]	1816186	1816219	CCGGATGCGGCGTGAACGCCTTATCCGGCCTACA	+	COLI-K12-36
REP352B	[REP352b 4,614,306 &rarr; 4,614,342]	4614306	4614342	CCTGATGCGACGCTTAACGCGTCTTATCATGCCTACA	+	COLI-K12-92
REP101A	[REP101a 1,145,929 &larr; 1,145,962]	1145929	1145962	GGCCTGATGCGGCGTAAACGCCTTATCAGGCCAA	-	COLI-K12-22
REP337B	[REP337b 4,457,233 &rarr; 4,457,269]	4457233	4457269	CCTGATGCGACGCTTGATGCGTCTTATCAGGCCTACA	+	COLI-K12-89
REP327B	[REP327b 4,344,877 &larr; 4,344,910]	4344877	4344910	TGCCGGATGCGGCGTGAATTCCTTATCCGGTCTA	-	COLI-K12-87
REP323B	[REP323b 4,317,967 &larr; 4,318,000]	4317967	4318000	TGCCGGATGCGGCGTAAACGCCTTATCCGGCCTA	-	COLI-K12-86
REP31I	[REP31i 375,335 &rarr; 375,366]	375335	375366	CCGGATGCGATAAACGTCTTGTCCGGCCTACA	+	COLI-K12-7
REPV6E	[REPv6e 66,736 &rarr; 66,764]	66736	66764	CCGGATGCGCTTTGCTTATCCGGCCTACA	+	COLI-K12-1
REP315A	[REP315a 4,245,093 &larr; 4,245,126]	4245093	4245126	TGTCGGATAAGGCGTGAAAGCCTTATCCGTCCTG	-	COLI-K12-85
REPV339B	[REPv339b 4,470,441 &larr; 4,470,469]	4470441	4470469	CGCCTGATGCGCTACGCTTATCAGGCCTA	-	COLI-K12-89
REP307A	[REP307a 4,137,790 &rarr; 4,137,823]	4137790	4137823	CCGGATGCGGAGTGAACGCCTTATCCGGCCTACA	+	COLI-K12-82
REPV28B	[REPv28b 357,735 &larr; 357,763]	357735	357763	TGCCTGATGCGCTACGCTTATCAGGCCTA	-	COLI-K12-7
REP299B	[REP299b 4,094,358 &rarr; 4,094,393]	4094358	4094393	CCTGATGCGACGCTGTCGCGTCTTATCAGGCCTACA	+	COLI-K12-82
REPV257A	[REPv257a 3,590,934 &rarr; 3,590,962]	3590934	3590962	CCGGATGCGCTTCGCTTATCCGGCCTACA	+	COLI-K12-71
REP289	[REP289 4,008,398 &larr; 4,008,431]	4008398	4008431	TGTCGGATGCGGCGTAAACGCCTTATCCGACTTA	-	COLI-K12-80
REPV219B	[REPv219b 3,114,454 &larr; 3,114,481]	3114454	3114481	TGCCCGATGCGCCTGCTTATCGGGCCTA	-	COLI-K12-62
REP270B	[REP270b 3,754,907 &larr; 3,754,942]	3754907	3754942	TGCCTGATGCGACGCTTACGCGTCTTATCATGCCTA	-	COLI-K12-75
REPV157B	[REPv157b 2,252,860 &larr; 2,252,887]	2252860	2252887	TGCCTGATGCGCAAGCTTATCAGGCCTA	-	COLI-K12-45
REP262A	[REP262a 3,650,713 &rarr; 3,650,748]	3650713	3650748	TCGGATGCGACGCTGGCGCGTCTTATCCGACCTACA	+	COLI-K12-73
REPV108A	[REPv108a 1,286,595 &rarr; 1,286,623]	1286595	1286623	TCGGATGCGCTTCGCTTATCCGACCTACA	+	COLI-K12-25
REP253	[REP253 3,546,223 &rarr; 3,546,258]	3546223	3546258	CCCGATGCGACGCTAAAGCGTCATTTCGGGCCTACG	+	COLI-K12-71
REPT49	[REPt49 517,370 &rarr; 517,395]	517370	517395	CCGGATGCGCAGCATCGCATCCGGCG	+	COLI-K12-10
REP242B	[REP242b 3,313,296 &rarr; 3,313,329]	3313296	3313329	CCGGATGCAGCGTAAACGCCTTATCCCGCATGGA	+	COLI-K12-66
REPT304	[REPt304 4,115,678 &rarr; 4,115,707]	4115678	4115707	CCGGATGCGGCATAAACGCTTCATTCGGCA	+	COLI-K12-82
REP231F	[REP231f 3,231,499 &larr; 3,231,535]	3231499	3231535	CGCCGGATGCGACGCTTGTCGCGTTTTATCCAGGTTA	-	COLI-K12-64
REPT265A	[REPt265a 3,680,368 &rarr; 3,680,397]	3680368	3680397	CTGGATAAAGTGTTACCCCTCTATCCAGCT	+	COLI-K12-73
REP221B	[REP221b 3,139,669 &rarr; 3,139,704]	3139669	3139704	CCTGATGCGACGCTGCCGCGTCTTATCAGGCCTACG	+	COLI-K12-62
REPT212	[REPt212 3,060,661 &rarr; 3,060,681]	3060661	3060681	CCTGATAGCACATATCAGGCG	+	COLI-K12-61
REP210A	[REP210a 3,042,322 &rarr; 3,042,357]	3042322	3042357	CCTGATGCGACGCTGGCGCGTCTTATCATGTCTGGG	+	COLI-K12-60
REPT181A	[REPt181a 2,597,674 &rarr; 2,597,697]	2597674	2597697	CCGGATGTTTTGTCGGATGCGGCG	+	COLI-K12-52
REP195B	[REP195b 2,835,116 &larr; 2,835,149]	2835116	2835149	TGCCGGATGCGGCGTAAACGCCTTATCCGGCCTA	-	COLI-K12-56
REPT125	[REPt125 1,665,137 &rarr; 1,665,167]	1665137	1665167	CCGGATGGTGACGATTACGCGCAATCCGGCA	+	COLI-K12-33
REP184B	[REP184b 2,662,357 &larr; 2,662,393]	2662357	2662393	TGCCTGATGCGACGCGTAATGCGTCTTATCAGGCCTA	-	COLI-K12-53
REP95B	[REP95b 1,084,735 &larr; 1,084,768]	1084735	1084768	CGCCGGATGCGGCGTGAACGCCTTATCCAGCCTA	-	COLI-K12-21
REP178A	[REP178a 2,568,140 &rarr; 2,568,173]	2568140	2568173	GCGGATGCGGCGTAAACGCCTTATCCGCCCTACA	+	COLI-K12-51
REP83A	[REP83a 900,750 &larr; 900,783]	900750	900783	TGCCGGATGCGGCGGGGACGCCTTATCCGGCCTA	-	COLI-K12-18
REP164D	[REP164d 2,347,293 &larr; 2,347,328]	2347293	2347328	TGCCTGATGCGACGCTGGCGCGTCTTATCAGGCCTA	-	COLI-K12-47
REP71	[REP71 792,265 &larr; 792,298]	792265	792298	TGCCGGAGGCGGCCTTAGCACCCTCTCCGGCCAA	-	COLI-K12-15
REP161F	[REP161f 2,304,698 &rarr; 2,304,733]	2304698	2304733	CCTGATGCGACGCTGGCGCGTCTTATCAGGCCTACA	+	COLI-K12-46
REP63C	[REP63c 707,902 &larr; 707,935]	707902	707935	TGCCGGATGCGGCGTGAACGCCTTATCCGGCCTA	-	COLI-K12-14
REP155	[REP155 2,232,737 &rarr; 2,232,770]	2232737	2232770	CCGGATGCGGCGTGAACGCCTTGTCCGGCTTGCC	+	COLI-K12-44
REP4B	[REP4b 39,198 &larr; 39,233]	39198	39233	TGCCTGATGCGACGCTGATGCGTCTTATCAGGCCTA	-	COLI-K12-0
REP141A	[REP141a 2,001,969 &rarr; 2,002,002]	2001969	2002002	CCGGATGCGGCGTAAACGCCTTATCCGGCCTACA	+	COLI-K12-40
REP355C	[REP355c 4,633,196 &larr; 4,633,231]	4633196	4633231	CGCCTGATGCGACGCTGCCGCGTCTTATCATGCCTA	-	COLI-K12-92
REP121A	[REP121a 1,552,250 &rarr; 1,552,283]	1552250	1552283	CCGGATGCGGCGTGAACGCCTTATCCGGCATGAA	+	COLI-K12-31
REP351A	[REP351a 4,606,559 &rarr; 4,606,594]	4606559	4606594	CCAGATGCGACGCTGGCGCGTCTTATCTGGCCTACG	+	COLI-K12-92
REP336A	[REP336a 4,450,945 &larr; 4,450,978]	4450945	4450978	CGCCGGATGCGGCGCGAGCGCCTTATCCGGCCTA	-	COLI-K12-89
REP325K	[REP325k 4,326,303 &larr; 4,326,338]	4326303	4326338	TGCCTGATGCGACGCTTGCGCGTCTTATCAGGCCTA	-	COLI-K12-86
REP321K	[REP321k 4,296,399 &rarr; 4,296,435]	4296399	4296435	CCTGATGCGACGCTTGCCGCGTCTTATCAGGCCTATC	+	COLI-K12-86
REP31F	[REP31f 375,184 &larr; 375,219]	375184	375219	TGCCTGATGCGACGCTAACGCGTCTTATCAGGCCTA	-	COLI-K12-7
REPV69B	[REPv69b 770,745 &larr; 770,774]	770745	770774	TACCTGATGCGCTACGCTTGCCAGTGTCTA	-	COLI-K12-15
REP313A	[REP313a 4,235,422 &larr; 4,235,455]	4235422	4235455	TGCCGGATGCGGCGTGAACGCCTTATCCGGCCTA	-	COLI-K12-84
REPV331B	[REPv331b 4,409,223 &larr; 4,409,251]	4409223	4409251	TGCCTGATGCACTACGTTTATCCGGCCTA	-	COLI-K12-88
REP302B	[REP302b 4,108,636 &larr; 4,108,669]	4108636	4108669	TGCCGGATGCGGCGCGAACGCCTTATCCGGCCTA	-	COLI-K12-82
REPV280B	[REPv280b 3,877,656 &larr; 3,877,684]	3877656	3877684	TGCCTGATGCGCTACGCTTATCAGGCCTA	-	COLI-K12-77
REP296B	[REP296b 4,063,561 &larr; 4,063,594]	4063561	4063594	TGCCGGATGCGGCGTAAACGCCTTATCCGGCCTA	-	COLI-K12-81
REPV250A	[REPv250a 3,512,512 &rarr; 3,512,540]	3512512	3512540	CCTGATGCGCTACGCTTATCAGGCCTACA	+	COLI-K12-70
REP287B	[REP287b 3,984,289 &larr; 3,984,324]	3984289	3984324	TGCCGGATGCGATGCTGACGCATCTTATCCAGCCTA	-	COLI-K12-79
REPV213B	[REPv213b 3,070,073 &larr; 3,070,101]	3070073	3070101	TGCCTGATGCGCTACGCTTATCAGGCCTA	-	COLI-K12-61
REP26C	[REP26c 354,688 &larr; 354,721]	354688	354721	TGTCGGATGCGACGCGAGCGCCTTATCCGACCTA	-	COLI-K12-7
REPV131B	[REPv131b 1,843,789 &larr; 1,843,817]	1843789	1843817	TGCCGGGGGCGCTGCGCTTGCCCGGCCTA	-	COLI-K12-36
REP25H	[REP25h 349,936 &larr; 349,970]	349936	349970	TGTCGGATGCGACGCTATGCGTCTTATCCGACCTA	-	COLI-K12-7
REPT99	[REPt99 1,117,869 &rarr; 1,117,889]	1117869	1117889	CCGGATGCGTGCCATCCGGCA	+	COLI-K12-22
REP250B	[REP250b 3,512,568 &larr; 3,512,601]	3512568	3512601	TGCCGGATGCGGCGTGAACGCCTTATCCGGCCTA	-	COLI-K12-70
REPT44	[REPt44 497,002 &rarr; 497,027]	497002	497027	CCGGATGACCTTCGTGTCATCCGGCA	+	COLI-K12-9
REP240A	[REP240a 3,297,000 &rarr; 3,297,036]	3297000	3297036	CCTGATGCGACGCTTGCCGCGTCTTATCAGGCCTACA	+	COLI-K12-66
REPT299C	[REPt299c 4,094,413 &rarr; 4,094,442]	4094413	4094442	CCTGATAAGGCACTTGTGCCGCATCCGGCA	+	COLI-K12-82
REP231C	[REP231c 3,231,353 &rarr; 3,231,386]	3231353	3231386	GCGGATGCGGCGTGAACGCCTTATCCGCCCTACA	+	COLI-K12-64
REPT248	[REPt248 3,493,759 &rarr; 3,493,784]	3493759	3493784	CCGGACGGCACTATCGTCGTCCGGCC	+	COLI-K12-70
REP219A	[REP219a 3,114,379 &rarr; 3,114,413]	3114379	3114413	CTGGATGCGGCGTAAAACGCCTTATCCGTCCTACG	+	COLI-K12-62
REPT209D	[REPt209d 3,012,582 &rarr; 3,012,605]	3012582	3012605	CCGGGTGGGTAATACCATCCGGCC	+	COLI-K12-60
REP206B	[REP206b 2,945,960 &larr; 2,945,993]	2945960	2945993	TGCCGGATGCGGCGTGAACGCCTTATCCGGCCTA	-	COLI-K12-59
REPT167	[REPt167 2,408,793 &rarr; 2,408,811]	2408793	2408811	CCGGAGATTGCATCCGGCA	+	COLI-K12-48
REP193A	[REP193a 2,808,132 &larr; 2,808,165]	2808132	2808165	CGGCGGATGCGGCAAAAACGCCTTATCCGCCCGA	-	COLI-K12-56
REPT122	[REPt122 1,557,064 &rarr; 1,557,082]	1557064	1557082	CCGGATGACGCGTCAGGCG	+	COLI-K12-31
REP182A	[REP182a 2,617,969 &rarr; 2,618,005]	2617969	2618005	CCGGATGCGACGCTTGCCACGTCTTATCCGGCCTACG	+	COLI-K12-52
REP92B	[REP92b 1,068,419 &larr; 1,068,452]	1068419	1068452	TGCCGGATGCGGCGTAAACGCCTTATCCGGCCTA	-	COLI-K12-21
REP174A	[REP174a 2,538,536 &rarr; 2,538,569]	2538536	2538569	CCGGATGCGGCGTAAACGCCTTATCCGGCCTACA	+	COLI-K12-50
REP7B	[REP7b 72,188 &larr; 72,221]	72188	72221	TGTCGGATGCGGCGTGAACGCCTTATCCGACCTA	-	COLI-K12-1
REP164A	[REP164a 2,347,161 &rarr; 2,347,194]	2347161	2347194	CCGGATGCGGCGTAAACGCCTTATCCGGCCTACG	+	COLI-K12-47
REP6D	[REP6d 66,693 &larr; 66,728]	66693	66728	CGCCTGATGCGACGCTGGCGCGTCTTATCAGGCCTA	-	COLI-K12-1
REP161C	[REP161c 2,304,531 &larr; 2,304,564]	2304531	2304564	TGTCGGATGCGGCGTGACCGCCTTGTCTGACCTA	-	COLI-K12-46
REP61A	[REP61a 699,426 &rarr; 699,459]	699426	699459	CCGGATGCGGCGTGAACGCCTTATCCGGCCTACA	+	COLI-K12-14
REP152	[REP152 2,219,626 &rarr; 2,219,659]	2219626	2219659	CCGGATGCGGCGCGAGCGCCTTATCCGGCCTACA	+	COLI-K12-44
REP48D	[REP48d 508,732 &rarr; 508,767]	508732	508767	CCTGATGCGACGCTTACGCGTCTTATCAGGCCTACA	+	COLI-K12-10
REP13B	[REP13b 173,556 &larr; 173,589]	173556	173589	TGTCGGATGCGGCGTGAACGCCTTATCCGACCTA	-	COLI-K12-3
REP354C	[REP354c 4,628,812 &larr; 4,628,845]	4628812	4628845	TGCCGGATGCGGCGCGAACGCCTTATCCGGCCTA	-	COLI-K12-92
REP117	[REP117 1,508,792 &rarr; 1,508,824]	1508792	1508824	CCTGCCGGGTAAGGCGTTACGCCGCATCCGGCA	+	COLI-K12-30
REP346	[REP346 4,554,506 &larr; 4,554,539]	4554506	4554539	TGCCGGATGCGGCGTGAACGCCTTATCCGGCCTA	-	COLI-K12-91
REP334B	[REP334b 4,434,538 &larr; 4,434,573]	4434538	4434573	TGGCGGATGCGATGCTGGCGCATCTTATCCGCCCTA	-	COLI-K12-88
REP325H	[REP325h 4,326,152 &rarr; 4,326,185]	4326152	4326185	CCGGATGCGGCGTAAACGCCTTATCCGGCCTACG	+	COLI-K12-86
REP321H	[REP321h 4,296,248 &larr; 4,296,281]	4296248	4296281	TGTCGGATGCGGCATAAACGCCTTATCCGACCTA	-	COLI-K12-86
REPV97A	[REPv97a 1,113,418 &rarr; 1,113,446]	1113418	1113446	CCTGATGCGCTACGCTTATCAGGCCTACA	+	COLI-K12-22
REP31C	[REP31c 375,032 &rarr; 375,065]	375032	375065	CCGGATGCGGCGTGAACGCCTTATCCGGCCTACG	+	COLI-K12-7
REPV63B	[REPv63b 707,838 &rarr; 707,866]	707838	707866	CCTGATGCGCTACGCTTATCAGGCCTACA	+	COLI-K12-14
REP311B	[REP311b 4,218,485 &rarr; 4,218,520]	4218485	4218520	CCTGATGCGACGCTTGCGCGTCTTATCATGCCTACA	+	COLI-K12-84
REPV327A	[REPv327a 4,344,816 &rarr; 4,344,844]	4344816	4344844	CCTGATGCGATATGTTTATCAGGCCACGT	+	COLI-K12-87
REP30	[REP30 361,884 &larr; 361,917]	361884	361917	TGTCGGATGCGGCGCGAGCGCCTTATCCGACCAA	-	COLI-K12-7
REPV271A	[REPv271a 3,774,237 &rarr; 3,774,265]	3774237	3774265	CCTGATGCGCTACGCTTATCAGGCCTACA	+	COLI-K12-75
REP294B	[REP294b 4,053,578 &rarr; 4,053,614]	4053578	4053614	CCTGATGCGGCGCTGGTCGCGTCTTATCAGGCCTACG	+	COLI-K12-81
REPV23H	[REPv23h 340,087 &larr; 340,115]	340087	340115	TGCCTGATGCGCTACGCTTATCAGGCCTA	-	COLI-K12-6
REP284	[REP284 3,910,444 &rarr; 3,910,478]	3910444	3910478	CCGGATGCGGCGTAAAACACCGTACCCGGCCTGGA	+	COLI-K12-78
REPV202B	[REPv202b 2,917,957 &larr; 2,917,983]	2917957	2917983	AGCCTGTTGTGCTATGTATCAGGTCTA	-	COLI-K12-58
REP268D	[REP268d 3,736,291 &rarr; 3,736,325]	3736291	3736325	CCTGAGACAAAGTAAAAAGCCTTATCCGACTGACA	+	COLI-K12-74
REPV129B	[REPv129b 1,816,255 &larr; 1,816,283]	1816255	1816283	TGCCTGATGCGCTTCGCTTATCAGGCCTA	-	COLI-K12-36
REP25E	[REP25e 349,792 &rarr; 349,827]	349792	349827	CCTGATGCGCCGCTGACGCGACTTATCAGGCCTACG	+	COLI-K12-7
REPT93	[REPt93 1,074,886 &rarr; 1,074,913]	1074886	1074913	CCGGAGGAGGTTGTAACATCCTCCGGCT	+	COLI-K12-21
REP247A	[REP247a 3,488,904 &larr; 3,488,937]	3488904	3488937	TGTCGGATGCGGCGTGAATGCCTTATCCGATGGT	-	COLI-K12-69
REPT349	[REPt349 4,593,327 &rarr; 4,593,352]	4593327	4593352	CCCGATAAGCAAAATGTTATCGGGCA	+	COLI-K12-92
REP23C	[REP23c 339,851 &rarr; 339,884]	339851	339884	CCGGATGCGGCGTGAACGCCTTATCCGGCCTACG	+	COLI-K12-6
REPT293B	[REPt293b 4,050,092 &rarr; 4,050,112]	4050092	4050112	CCGGATACGCCACATCCGGCA	+	COLI-K12-81
REP22B	[REP22b 277,708 &rarr; 277,742]	277708	277742	CCGGATGGCGGCACAAGCGCCTTATCCGGCCTACA	+	COLI-K12-5
REPT238	[REPt238 3,277,820 &rarr; 3,277,848]	3277820	3277848	CCGAACGCATTCGTGTTGACCAGCGGGCA	+	COLI-K12-65
REP217A	[REP217a 3,098,414 &rarr; 3,098,447]	3098414	3098447	CCGGATGCGGCGTGAACGCCTTATCCAGCCGACA	+	COLI-K12-62
REPT204	[REPt204 2,937,427 &rarr; 2,937,450]	2937427	2937450	CCGGATAAGCAATGTTATCCGGCT	+	COLI-K12-58
REP201B	[REP201b 2,894,839 &rarr; 2,894,875]	2894839	2894875	CCTGATGCGACGCTTGACGCGTCTTATCAGGCCTACA	+	COLI-K12-58
REPT153	[REPt153 2,223,906 &rarr; 2,223,933]	2223906	2223933	ACGGATGGCAGAGTATCGCCATCCGAAT	+	COLI-K12-44
REP191A	[REP191a 2,794,029 &rarr; 2,794,063]	2794029	2794063	CCGGAGGCGACGCTGCGCGTCTTGTCCGGCCTACG	+	COLI-K12-56
REPT116	[REPt116 1,489,684 &rarr; 1,489,705]	1489684	1489705	GCGGAGGTTTTTTCCTCCGCCT	+	COLI-K12-29
REP180A	[REP180a 2,592,979 &larr; 2,593,012]	2592979	2593012	TGCCGGATGCGGCGTTAACGCCTTATCCGGCCTA	-	COLI-K12-51
REP91A	[REP91a 1,062,408 &larr; 1,062,444]	1062408	1062444	TGCCTGATGCGACGCTAAACGCGTCTTTTCAGGCGCA	-	COLI-K12-21
REP171B	[REP171b 2,443,833 &larr; 2,443,869]	2443833	2443869	TGCCTGATGCGACGCTTATCGCGTCTTATCAGGCCTA	-	COLI-K12-48
REP78A	[REP78a 845,632 &rarr; 845,665]	845632	845665	CCGGATGCGGCGTGAACGCCTTATCCGTCCTACA	+	COLI-K12-16
REP162D	[REP162d 2,316,998 &rarr; 2,317,031]	2316998	2317031	CCGGATGCGGCGTAAACGCCTTATCCGTCCTACG	+	COLI-K12-46
REP68D	[REP68d 762,893 &rarr; 762,929]	762893	762929	CCTGATGTGACGTTTAACGTGTCTTATCAGGCCTACG	+	COLI-K12-15
REP59	[REP59 689,265 &larr; 689,298]	689265	689298	CACCGGATGCGGCATCAGTGCATTATCCGGATAA	-	COLI-K12-13
REP150	[REP150 2,169,651 &rarr; 2,169,684]	2169651	2169684	CCGGATGCGGTGTAAACACCTTATCCGGCATACA	+	COLI-K12-43
REP48A	[REP48a 508,583 &larr; 508,616]	508583	508616	TGCCGGATGCGGCGTGAACGCCTTATCCGGCCTA	-	COLI-K12-10
REP138B	[REP138b 1,944,269 &larr; 1,944,305]	1944269	1944305	TGCCTGATGCGACGCTGTTCGCGTCTTACCAGGACTA	-	COLI-K12-38
REP353B	[REP353b 4,618,162 &larr; 4,618,199]	4618162	4618199	CGGCTTTTGCCGGATGCGTCTACGCCTTATCCGGCCTA	-	COLI-K12-92
REP113A	[REP113a 1,382,868 &rarr; 1,382,901]	1382868	1382901	CCGGATGCGGCGCGAGTACTTTATCCGATCTATA	+	COLI-K12-27
REP342B	[REP342b 4,484,384 &larr; 4,484,417]	4484384	4484417	TGCCGGATGCGGCGTGAACGCCTTATCCGACCTA	-	COLI-K12-89
REP33	[REP33 398,981 &larr; 399,015]	398981	399015	TGTCAGATGCGGCCTGAAACGCCTTATCTGGCCTG	-	COLI-K12-7
REP325E	[REP325e 4,326,003 &larr; 4,326,038]	4326003	4326038	TGCCTGATGCGACGCTTGCGCGTCTTATCAGGCCTA	-	COLI-K12-86
REP321E	[REP321e 4,296,062 &rarr; 4,296,098]	4296062	4296098	CCTGATGCGACGCTTGCCGCGTCTTATCAGGCCTACG	+	COLI-K12-86
REPV87	[REPv87 1,011,920 &rarr; 1,011,948]	1011920	1011948	CCTGATGAACTGGGTTTATCAGGCATGAA	+	COLI-K12-20
REP318A	[REP318a 4,266,889 &rarr; 4,266,922]	4266889	4266922	CCGGATGCGGCGTGAATGCCTTATCCGGCCAATA	+	COLI-K12-85
REPV51B	[REPv51b 3,360,764 &rarr; 3,360,787]	3360764	3360787	CTGATGAGTGAAGCACATCAAGCA	+	COLI-K12-67
REP309E	[REP309e 4,153,594 &larr; 4,153,629]	4153594	4153629	TGTCGGATGCGATGCTTGCGCATCTTATCCGACCTA	-	COLI-K12-83
REPV317B	[REPv317b 4,253,933 &rarr; 4,253,961]	4253933	4253961	CCTGATGCGCGGCGCTTCTCAGGCCTACA	+	COLI-K12-85
REP2A	[REP2a 25,711 &rarr; 25,746]	25711	25746	CCGGATGCGATGCTGACGCATCTTATCCGGCCTACA	+	COLI-K12-0
REPV264A	[REPv264a 3,676,122 &rarr; 3,676,150]	3676122	3676150	CCTGATGCGCTACGCTTATCAGGCCTGAA	+	COLI-K12-73
REP291F	[REP291f 4,027,570 &larr; 4,027,603]	4027570	4027603	TGCCGGATGCGGCGTGAACGCCTTATCCGGTCTA	-	COLI-K12-80
REPV23B	[REPv23b 339,809 &larr; 339,837]	339809	339837	TGCCTGATGCGCTACGCTTATCAGGCCTA	-	COLI-K12-6
REP27A	[REP27a 357,485 &rarr; 357,518]	357485	357518	CCGGATGCGGCGTGAACGCCTTATCCGGCCTACG	+	COLI-K12-7
REPV188A	[REPv188a 2,714,284 &rarr; 2,714,312]	2714284	2714312	CCTGATGCGCTACGCTTATCAGGCCTACG	+	COLI-K12-54
REP268A	[REP268a 3,736,155 &larr; 3,736,190]	3736155	3736190	TACCTGATGTGACGCCGACAATTCTCATCATCGCTA	-	COLI-K12-74
REPV121B	[REPv121b 1,552,318 &larr; 1,552,346]	1552318	1552346	TGCCTGATGCGCTACGCTTATCAGGCCTA	-	COLI-K12-31
REP25B	[REP25b 349,657 &larr; 349,691]	349657	349691	TGTCGGATGCGACGCCATCCGTCTTATCCGACCTA	-	COLI-K12-7
REPT81	[REPt81 881,941 &rarr; 881,967]	881941	881967	CCGGATGGCGCGAAACGTCATCCGGTT	+	COLI-K12-17
REP245E	[REP245e 3,392,260 &rarr; 3,392,293]	3392260	3392293	CCGGATGCGGCGTAAACGCCTTATCCGACCTACG	+	COLI-K12-67
REPT341	[REPt341 4,480,940 &rarr; 4,480,957]	4480940	4480957	CCGGAGCATGCTCCGGCC	+	COLI-K12-89
REP239A	[REP239a 3,281,703 &rarr; 3,281,738]	3281703	3281738	TCGGATGCGACGCTAACGCGTCTTATCCGACCTACA	+	COLI-K12-65
REPT282	[REPt282 3,898,632 &rarr; 3,898,657]	3898632	3898657	CCGGAGCGTAATTCACACATCCGGCC	+	COLI-K12-78
REP228B	[REP228b 3,216,646 &rarr; 3,216,679]	3216646	3216679	CCGGATGCGGCGTGAACGCCTTATCCGGCCTACG	+	COLI-K12-64
REPT230	[REPt230 3,220,881 &rarr; 3,220,911]	3220881	3220911	TCGGATGGCGATACGACGTCGCCATCCGATC	+	COLI-K12-64
REP215	[REP215 3,087,913 &rarr; 3,087,938]	3087913	3087938	GATAGGCGTTCACGCCGCATCCGGCA	+	COLI-K12-61
REPT199	[REPt199 2,866,480 &rarr; 2,866,497]	2866480	2866497	TCCGATGGGCATCGGACC	+	COLI-K12-57
REP1B	[REP1b 5,637 &larr; 5,670]	5637	5670	TGCCGGATGCGGCGTGAACGCCTTATCCTGCCTA	-	COLI-K12-0
REPT14	[REPt14 176,970 &rarr; 176,988]	176970	176988	CCGGATAAACTATCCGGCA	+	COLI-K12-3
REP188B	[REP188b 2,714,348 &larr; 2,714,381]	2714348	2714381	TGCCGGATGCGGCGTGAACGCCTTATCCGGCCTA	-	COLI-K12-54
REPT109	[REPt109 1,327,738 &rarr; 1,327,756]	1327738	1327756	CCGGACGTCATATCCGGCA	+	COLI-K12-26
REP17A	[REP17a 244,130 &larr; 244,163]	244130	244163	TGCCGGATGCGGCGTAAACGTCTTATCCGGCCTA	-	COLI-K12-4
REP8C	[REP8c 111,547 &larr; 111,580]	111547	111580	TGTCGGATGCGGCGTGAACGCCTTATCCGACCTA	-	COLI-K12-2
REP16B	[REP16b 216,103 &rarr; 216,138]	216103	216138	CCTGATGCGACGCTGGCGCGTCTTATCATGCCTACA	+	COLI-K12-4
REP77A	[REP77a 837,540 &rarr; 837,573]	837540	837573	CTGGACGTAGCGTAAACGCCTGATCCGTCCAACG	+	COLI-K12-16
REP162A	[REP162a 2,316,835 &larr; 2,316,870]	2316835	2316870	TGCCAGATAAGACACTAACGCGTCTTATCTGGCCTA	-	COLI-K12-46
REP68A	[REP68a 762,763 &larr; 762,796]	762763	762796	TGCCGGAGAAGGCGATAATGCCTTATCCGGTCTA	-	COLI-K12-15
REP160C	[REP160c 2,291,266 &larr; 2,291,299]	2291266	2291299	TGCCGGATGCGGCGTGAACGCCTTATCCGGCCTA	-	COLI-K12-45
REP52D	[REP52d 551,478 &larr; 551,511]	551478	551511	TGCCGGATGCGGCGTAAACGCCTTATCCGGCCTA	-	COLI-K12-11
REP149A	[REP149a 2,165,018 &larr; 2,165,051]	2165018	2165051	TGCCGGATCTGGTCTGAACGCCATCTCCGGCTAA	-	COLI-K12-43
REP43A	[REP43a 489,960 &rarr; 489,993]	489960	489993	CCGGATGCGGCGTGACCGCCTTATCCGGCCTACG	+	COLI-K12-9
REP135A	[REP135a 1,929,924 &rarr; 1,929,959]	1929924	1929959	CCCGATGCGACGCTGTTGCGTCTTCTCAGGCCTACG	+	COLI-K12-38
REP352F	[REP352f 4,614,508 &rarr; 4,614,544]	4614508	4614544	CCTGATGCGACGCTTGTCGCGTCTTATCATGCCTACA	+	COLI-K12-92
REP10B	[REP10b 138,764 &larr; 138,797]	138764	138797	TGCCGGATGCGGCGTGAACGCCTTATCCAGCCTA	-	COLI-K12-2
REP34	[REP34 409,053 &larr; 409,089]	409053	409089	TGCCGGATGCGACGCCTGCCGCGTCTTATCCGGCGTA	-	COLI-K12-8
REP32B	[REP32b 377,389 &larr; 377,422]	377389	377422	TGCCGGATGCGGCGTGAACGCCTTATCCGGTCTA	-	COLI-K12-7
REP325B	[REP325b 4,325,852 &rarr; 4,325,885]	4325852	4325885	CCGGATGCGGCGTAAACGCCTTATCCGGCCTACG	+	COLI-K12-86
REP321B	[REP321b 4,295,909 &larr; 4,295,942]	4295909	4295942	TGTCGGATGCGGCATAAACGCCTTATCCGACCTA	-	COLI-K12-86
REPV79A	[REPv79a 857,617 &rarr; 857,645]	857617	857645	CCTGATGCGCTACGCTTATCAGGCCTACG	+	COLI-K12-17
REP316B	[REP316b 4,249,363 &rarr; 4,249,398]	4249363	4249398	CCTGATGCGACGCTTGCGCGTCTTATCAGGCCTACA	+	COLI-K12-85
REPV40B	[REPv40b 445,259 &larr; 445,287]	445259	445287	TGCCTGCTGCGCTACGCTTATCAGGCCTA	-	COLI-K12-8
REP309B	[REP309b 4,153,414 &rarr; 4,153,447]	4153414	4153447	CCGGATGCGGCGCGAGCGCCTTATCCGGCCTACA	+	COLI-K12-83
REPV302A	[REPv302a 4,108,572 &rarr; 4,108,600]	4108572	4108600	CCTGATGCGCTTCGCTTATCAGGCCTACA	+	COLI-K12-82
REP299G	[REP299g 4,094,593 &larr; 4,094,626]	4094593	4094626	TGCCGGATGCGGCACAAGTGCCTTATCCGGCCTA	-	COLI-K12-82
REPV260B	[REPv260b 3,625,644 &larr; 3,625,671]	3625644	3625671	TGCCCGATGCGTAAGCTTATAGGGACTA	-	COLI-K12-72
REP291C	[REP291c 4,027,421 &rarr; 4,027,456]	4027421	4027456	CCTGATGCGACGCTGTCGCGTCTTATCGTGCCTACA	+	COLI-K12-80
REPV22A	[REPv22a 277,676 &larr; 277,704]	277676	277704	TGCCTGATGCGCTGCGCTTATCAGGCCTA	-	COLI-K12-5
REP278A	[REP278a 3,841,877 &rarr; 3,841,910]	3841877	3841910	CCGGATGCGGCGTGAACGTCTTATCCACCCGACA	+	COLI-K12-77
REPV176A	[REPv176a 2,549,467 &rarr; 2,549,495]	2549467	2549495	CCTGATGCGCTACGCTTATCAGGCCTACG	+	COLI-K12-51
REP266A	[REP266a 3,705,964 &rarr; 3,705,997]	3705964	3705997	CCGGATGCGGCGTTAACGCCTTATCCGGCCTACA	+	COLI-K12-74
REPV112A	[REPv112a 1,366,834 &rarr; 1,366,862]	1366834	1366862	TCTGATGCGCTGCGCTTATCAGGCCTGCA	+	COLI-K12-27
REP258A	[REP258a 3,592,565 &rarr; 3,592,598]	3592565	3592598	CCGGATGCGGCGTAAACGCCTTATCAGGCCTACA	+	COLI-K12-72
REPT58	[REPt58 686,751 &rarr; 686,775]	686751	686775	CCCGATGGGGAACGACCATCAGGCG	+	COLI-K12-13
REP245B	[REP245b 3,392,127 &larr; 3,392,161]	3392127	3392161	TGCCTGATGCGACGCTGTGCGTCTTATCAGGCCTA	-	COLI-K12-67
REPT319	[REPt319 4,268,318 &rarr; 4,268,341]	4268318	4268341	CAGGCTGGAGCTACCCAGCCTGCA	+	COLI-K12-85
REP236A	[REP236a 3,255,218 &rarr; 3,255,251]	3255218	3255251	CCGGATGCGGCGAAAACGCCTTATCCGGCCTACA	+	COLI-K12-65
REPT274	[REPt274 3,810,313 &rarr; 3,810,334]	3810313	3810334	CCGGATGGTATGCCATCCGGCG	+	COLI-K12-76
REP225C	[REP225c 3,203,236 &rarr; 3,203,269]	3203236	3203269	CCGGATGCGGCGTGAACGCCTTATTCGGCCTACG	+	COLI-K12-64
REPT223	[REPt223 3,163,645 &rarr; 3,163,674]	3163645	3163674	CCGGATGACGACTTAACGTTTCATCCGGCG	+	COLI-K12-63
REP214A	[REP214a 3,082,691 &larr; 3,082,724]	3082691	3082724	TGTCAGATGCGGCGTGAACGCCTTATCTGACCTA	-	COLI-K12-61
REPT192	[REPt192 2,798,054 &rarr; 2,798,083]	2798054	2798083	CCGGACGCGCCCTAGCAGCGACATCCGGCC	+	COLI-K12-56
REP19C	[REP19c 248,249 &rarr; 248,284]	248249	248284	CCTGATGCGACGCTGGCGCGTCTTATCATGCCTACA	+	COLI-K12-4
REPT136	[REPt136 1,932,087 &rarr; 1,932,105]	1932087	1932105	CCCGATCCTCGATCGGGCA	+	COLI-K12-38
REP184F	[REP184f 2,662,539 &larr; 2,662,575]	2662539	2662575	TGCCTGATGCGACGCGTAATGCGTCTTATCAGGCCTA	-	COLI-K12-53
REPT105	[REPt105 1,187,084 &rarr; 1,187,107]	1187084	1187107	CGGCATGTGATGCCGCATCCGGCT	+	COLI-K12-23
REP179A	[REP179a 2,581,649 &rarr; 2,581,662]	2581649	2581662	CCGGATGCTGATTG	+	COLI-K12-51
REP89	[REP89 1,040,544 &larr; 1,040,579]	1040544	1040579	TGCCTGATGCGATGCTAATGCGCCGCATCAGGCCTA	-	COLI-K12-20
REP169A	[REP169a 2,430,930 &rarr; 2,430,963]	2430930	2430963	TCGGATGCGGCGTAAACGCCTTATCCGACCTACG	+	COLI-K12-48
REP72D	[REP72d 805,949 &larr; 805,982]	805949	805982	TGCCGGATGCGGCGTAAACGCCTTATCCGGCCTA	-	COLI-K12-16
REP161J	[REP161j 2,304,924 &rarr; 2,304,959]	2304924	2304959	CCTGATGCGACGCTGGCGCGTCTTATCAGGCCTACA	+	COLI-K12-46
REP66B	[REP66b 741,024 &larr; 741,060]	741024	741060	TGCCTGATGCGACGCTTGACGCGTCTTATCAGGCCTA	-	COLI-K12-14
REP157A	[REP157a 2,252,797 &rarr; 2,252,833]	2252797	2252833	CCGGATGCGACGCTTAACGCGTCTTATCCGGCCTACA	+	COLI-K12-45
REP52A	[REP52a 551,355 &rarr; 551,391]	551355	551391	CCTGATGCGACGCTTGACGCGTCTTATCAGGCCTACA	+	COLI-K12-11
REP146	[REP146 2,139,703 &rarr; 2,139,739]	2139703	2139739	CCTGATGCGACGCTTTACGCGTCTTATCAGGCCTACA	+	COLI-K12-42
REP38	[REP38 437,121 &rarr; 437,157]	437121	437157	CCTGATGTGACGCTTGTCACGTCTCATCAGGCCTGGA	+	COLI-K12-8
REP144C	[REP144c 2,118,563 &rarr; 2,118,598]	2118563	2118598	CCTGATGCGACGCTGACGCGTCTTATCAGGCCTACA	+	COLI-K12-42
REP35D	[REP35d 411,236 &larr; 411,269]	411236	411269	TGCCGGATGCGGCGTGAACGCCTTATCCGCCCTA	-	COLI-K12-8
REP130A	[REP130a 1,823,332 &rarr; 1,823,365]	1823332	1823365	CCGGATGCGGCGTGAACGCCTTATTCGACCTATA	+	COLI-K12-36
REP352C	[REP352c 4,614,359 &larr; 4,614,392]	4614359	4614392	TGCCGGATGCGGCGTGAACGCCTTATCCGGCCTA	-	COLI-K12-92
REP102A	[REP102a 1,165,740 &larr; 1,165,773]	1165740	1165773	TGTCGGATGCGGCGTGGACGCCTTATCCGACCCA	-	COLI-K12-23
REP338A	[REP338a 4,460,416 &rarr; 4,460,451]	4460416	4460451	CCTGATGCGACGCTGTCGCGTCTTATCAGACCTGGA	+	COLI-K12-89
REP328B	[REP328b 4,373,263 &larr; 4,373,296]	4373263	4373296	TGCCGGATGCGGCGTAAACGCCTTATCCGGCCTA	-	COLI-K12-87
REP324A	[REP324a 4,323,247 &larr; 4,323,280]	4323247	4323280	TGCCGGATGCGGTGCAAGCACCTTATCCGGCCTA	-	COLI-K12-86
REP320A	[REP320a 4,285,303 &larr; 4,285,336]	4285303	4285336	TGCCGGATGCGGCGTAAACGCCTTATCCGGCCTA	-	COLI-K12-85
REPV73A	[REPv73a 815,586 &rarr; 815,614]	815586	815614	CCTGATGCGCTACGCTTATCAGGCCTACA	+	COLI-K12-16
REP315B	[REP315b 4,245,134 &rarr; 4,245,169]	4245134	4245169	CCTGATGCGACGCTGACGCGTCTTATCAGGCCTACA	+	COLI-K12-85
REPV347A	[REPv347a 4,569,947 &rarr; 4,569,975]	4569947	4569975	CCTGATGCGCTATGCTTATCAGGTCTACA	+	COLI-K12-91
REP308A	[REP308a 4,148,431 &rarr; 4,148,464]	4148431	4148464	CCGGATGTGGCGTAAACGCCTTATCCAGCCTACC	+	COLI-K12-83
REPV29	[REPv29 361,209 &larr; 361,237]	361209	361237	TGCCTGATACGCTGCGCTTATCAGGCCTA	-	COLI-K12-7
REP299D	[REP299d 4,094,450 &rarr; 4,094,485]	4094450	4094485	CCTGATGCGACGCTGTCGCGTCTTATCAGGCCTACA	+	COLI-K12-82
REPV257B	[REPv257b 3,590,971 &larr; 3,590,999]	3590971	3590999	TGTCGGATGCGTTTCGCTTATCTGACCTG	-	COLI-K12-71
REP28A	[REP28a 357,685 &rarr; 357,718]	357685	357718	CCGGATGCGGCGTGAACGCCTTATCCGGCCTACG	+	COLI-K12-7
REPV222B	[REPv222b 3,150,599 &larr; 3,150,632]	3150599	3150632	TTGTAGGCGGATAAGGCGTTTTCGCCACATCAGG	-	COLI-K12-63
REP271B	[REP271b 3,774,302 &larr; 3,774,335]	3774302	3774335	CGCCGGATGCGGCGTAAGCGCCTTATCCGGCCTA	-	COLI-K12-75
REPV160B	[REPv160b 2,291,202 &rarr; 2,291,230]	2291202	2291230	CCTGATGCGCTACGCTTATCAGGCCTACG	+	COLI-K12-45
REP263A	[REP263a 3,674,382 &rarr; 3,674,415]	3674382	3674415	CCGGATGCGGCGTAAACGCCTTATCCGGCATACG	+	COLI-K12-73
REPV108B	[REPv108b 1,286,637 &rarr; 1,286,666]	1286637	1286666	TAGGCCCGGTAAACGTGGTGCCATCGGGCA	+	COLI-K12-25
REP254A	[REP254a 3,547,888 &rarr; 3,547,921]	3547888	3547921	CCGGATGCGGCGTGACCGCCTTATCCGGCCTACG	+	COLI-K12-71
REPT53	[REPt53 556,008 &rarr; 556,033]	556008	556033	CCGGATGCGAGTTTTCGCATCCGGTT	+	COLI-K12-11
REP243A	[REP243a 3,330,461 &rarr; 3,330,494]	3330461	3330494	CCGGATGCGGCGTAAACGCCTTATCCGGCCTACA	+	COLI-K12-66
REPT310	[REPt310 4,162,142 &rarr; 4,162,163]	4162142	4162163	CCGGATGCTGGCGCATCCGGCA	+	COLI-K12-83
REP233A	[REP233a 3,234,639 &rarr; 3,234,675]	3234639	3234675	CCGGATGCGACGCTTGCCGCGTCTTATCCGGCCTGGA	+	COLI-K12-64
REPT265B	[REPt265b 3,680,414 &rarr; 3,680,443]	3680414	3680443	ATGGTTGTGCTAACTCATCACCATCAGGCA	+	COLI-K12-73
REP222D	[REP222d 3,150,711 &rarr; 3,150,744]	3150711	3150744	CCGGATGCGTCGTGAACGCCTTATCCGGCCTACA	+	COLI-K12-63
REPT217C	[REPt217c 3,098,505 &rarr; 3,098,534]	3098505	3098534	CCGGATGCGGGGTCAACGCCGCATCCTGCT	+	COLI-K12-62
REP210B	[REP210b 3,042,393 &larr; 3,042,426]	3042393	3042426	TGCCGGATTCGGCGTGAACGCCTTATCCGATCTA	-	COLI-K12-60
REPT187	[REPt187 2,687,036 &rarr; 2,687,055]	2687036	2687055	CCGGATGGAAACATCCGGCA	+	COLI-K12-53
REP197A	[REP197a 2,842,424 &rarr; 2,842,457]	2842424	2842457	CCGGATGCGGCGTGAACGCCTTATCCGGCCTACA	+	COLI-K12-56
REPT127	[REPt127 1,733,715 &rarr; 1,733,738]	1733715	1733738	ACGGATGCCCGTTCGCATCCGTCA	+	COLI-K12-34
REP184C	[REP184c 2,662,401 &rarr; 2,662,434]	2662401	2662434	TCGGATGCGGCGTGAACGCCTTATCCGACCTACG	+	COLI-K12-53
REP97B	[REP97b 1,113,482 &larr; 1,113,515]	1113482	1113515	TGCCGGATGCGGCGTGAACGCCTTATCCGACCCA	-	COLI-K12-22
REP178B	[REP178b 2,568,186 &larr; 2,568,222]	2568186	2568222	TGCCGGATGCGACGCTTGCCGCGTCTTATCCAGCCTA	-	COLI-K12-51
REP83B	[REP83b 900,801 &rarr; 900,836]	900801	900836	TCTGATGCGACGCTGGCGCGTCTTATCAGACCTACA	+	COLI-K12-18
REP164E	[REP164e 2,347,329 &rarr; 2,347,363]	2347329	2347363	CAGGATGCGGCGTAAAATGCCTTATCCGGCATTAA	+	COLI-K12-47
REP72A	[REP72a 805,805 &rarr; 805,840]	805805	805840	TCGGATGCGATGCTTGCGCATCTTATCCGACCTACG	+	COLI-K12-16
REP161G	[REP161g 2,304,757 &larr; 2,304,790]	2304757	2304790	TGTCGGATGCGGCGTAACCGCCTTATCCAACCTA	-	COLI-K12-46
REP64	[REP64 710,909 &larr; 710,941]	710909	710941	TGCCTGATGTGATGCGGCGTAGACTCATGTCTA	-	COLI-K12-14
REP156A	[REP156a 2,236,535 &rarr; 2,236,568]	2236535	2236568	CCGGATGCGGCTTGAACGCCTTATCCGGCCTACA	+	COLI-K12-44
REP5	[REP5 50,328 &rarr; 50,364]	50328	50364	CCGGATGCGACGCCGGTCGCGTCTTATCCGGCCTTCC	+	COLI-K12-1
REP142	[REP142 2,041,153 &rarr; 2,041,186]	2041153	2041186	CCGGATGTGGCGCGAGCGCCCTATCCGGCATACA	+	COLI-K12-40
REP35A	[REP35a 411,079 &rarr; 411,115]	411079	411115	CCTGATGCGACGCTTGCCGCGTCTTATCAGGCCTACA	+	COLI-K12-8
REP126B	[REP126b 1,691,489 &larr; 1,691,522]	1691489	1691522	TGCCGGATGCGGCGTAAACGCCTTATCCAGCCTA	-	COLI-K12-33
REP351B	[REP351b 4,606,617 &larr; 4,606,650]	4606617	4606650	TGTCGGATGCGGCGTGAACGCCTTATCCGACCTA	-	COLI-K12-92
REP336B	[REP336b 4,450,993 &rarr; 4,451,029]	4450993	4451029	CCTGATGCGACGCTTACCGCGTCTTATCATGCCTACT	+	COLI-K12-89
REP325L	[REP325l 4,326,352 &rarr; 4,326,385]	4326352	4326385	CCGGATGCGGCGCGAGCGCCTTATCCGGCTTACC	+	COLI-K12-86
REP322B	[REP322b 4,311,057 &larr; 4,311,096]	4311057	4311096	TGCCGGATGATGATGCTAATGAAGTGTCTTATCCGGCCAA	-	COLI-K12-86
REP31G	[REP31g 375,234 &rarr; 375,267]	375234	375267	CCGGATGCGGCGTAAACGCCTTATCCGGCCTACG	+	COLI-K12-7
REPV6A	[REPv6a 66,566 &rarr; 66,594]	66566	66594	CCGGATGCGCTTTGCTTATCCGGCCTACA	+	COLI-K12-1
REP313B	[REP313b 4,235,463 &rarr; 4,235,498]	4235463	4235498	CCTGATGCGACGCGGTCGCGTCTTATCAGGCCTACA	+	COLI-K12-84
REPV334A	[REPv334a 4,434,497 &rarr; 4,434,525]	4434497	4434525	CCGGATGCGCTGAGCTTATCTGGTCTACG	+	COLI-K12-88
REP305A	[REP305a 4,127,953 &rarr; 4,127,986]	4127953	4127986	CCGGATGCGGCGTGAACGCCTTATCCGGCCTACA	+	COLI-K12-82
REPV281	[REPv281 3,886,779 &larr; 3,886,807]	3886779	3886807	TGGCGGATGCGCGGTGCTTATCCGCCCTA	-	COLI-K12-77
REP297A	[REP297a 4,080,021 &rarr; 4,080,054]	4080021	4080054	CCGGATGCGGCGTGAACGCCTTATCCGGCCTACA	+	COLI-K12-81
REPV251B	[REPv251b 3,525,548 &larr; 3,525,576]	3525548	3525576	TGCCTGATGCACAATGTTTATCAGGCTTA	-	COLI-K12-70
REP288A	[REP288a 4,000,151 &rarr; 4,000,185]	4000151	4000185	CCGGATGCGGTGCTGCGCACCTTATTTGGCCTAAA	+	COLI-K12-80
REPV216C	[REPv216c 3,094,064 &rarr; 3,094,091]	3094064	3094091	TAGGCCCGATAAGCTTGCGCATCGGGCA	+	COLI-K12-62
REP26D	[REP26d 354,735 &rarr; 354,770]	354735	354770	CCTGATGCGACGCTGACGCGTCTTATCAGGCCTACC	+	COLI-K12-7
REPV139B	[REPv139b 1,954,499 &larr; 1,954,527]	1954499	1954527	TGCCTGATGCGCTATGCTTATCAGGCCTA	-	COLI-K12-39
REP260A	[REP260a 3,625,590 &rarr; 3,625,610]	3625590	3625610	AAACGCCTTATCCGGCCTAAA	+	COLI-K12-72
REPV100A	[REPv100a 1,134,587 &rarr; 1,134,614]	1134587	1134614	CCCGATGCGCAAGTTTATCGGGTCTATG	+	COLI-K12-22
REP251A	[REP251a 3,525,479 &rarr; 3,525,512]	3525479	3525512	CCGGATACGGCGTGAACGCGTTATCCGGCTAACA	+	COLI-K12-70
REPT45	[REPt45 497,917 &rarr; 497,934]	497917	497934	CCGGATATTCATTCGGCC	+	COLI-K12-9
REP240B	[REP240b 3,297,050 &larr; 3,297,083]	3297050	3297083	TGTCGGATGCGGCGTAAACGCCTTATCTGACCTA	-	COLI-K12-66
REPT300	[REPt300 4,102,697 &rarr; 4,102,722]	4102697	4102722	CCGGATGAACTAACGTTCGTCCGGTT	+	COLI-K12-82
REP231D	[REP231d 3,231,399 &larr; 3,231,435]	3231399	3231435	TGCCGGATGCGACGCTTGTCGCGTCTTATCCGACCTA	-	COLI-K12-64
REPT255	[REPt255 3,555,797 &rarr; 3,555,820]	3555797	3555820	CCGGATAACGCGCCAGATCCGGCT	+	COLI-K12-71
REP219C	[REP219c 3,114,513 &rarr; 3,114,546]	3114513	3114546	CCGGATGCGGCGCGAGCGCCTTATCCGGCCTACG	+	COLI-K12-62
REPT21	[REPt21 259,017 &rarr; 259,037]	259017	259037	CCGGATGCATCACATCCGGCA	+	COLI-K12-5
REP207	[REP207 2,950,614 &larr; 2,950,627]	2950614	2950627	TGCCGGATGCGACG	-	COLI-K12-59
REPT168	[REPt168 2,409,497 &rarr; 2,409,515]	2409497	2409515	CCGGATGCGACATCAGGCT	+	COLI-K12-48
REP193B	[REP193b 2,808,180 &rarr; 2,808,215]	2808180	2808215	CCTGATGCGACGCTGGCGCGTCTTATCATGCCTACA	+	COLI-K12-56
REPT123	[REPt123 1,592,632 &rarr; 1,592,656]	1592632	1592656	CCGCATGCCATCTCGACATGCGGCT	+	COLI-K12-31
REP183B	[REP183b 2,655,034 &larr; 2,655,067]	2655034	2655067	TGCCGGATGCGGCGTAAACGCCTTATCCGGCCTA	-	COLI-K12-53
REP94	[REP94 1,081,113 &larr; 1,081,146]	1081113	1081146	TGCCGGATGCCGCGTAAACGCCGTATCCAGCCGA	-	COLI-K12-21
REP175	[REP175 2,539,608 &rarr; 2,539,643]	2539608	2539643	CCTGATGCGACGCTTGCGCGTCTTATCAGGTCTACA	+	COLI-K12-50
REP80	[REP80 864,334 &rarr; 864,371]	864334	864371	GATGACGTGGCGGAGTGCCGCGTCTTATCAGGCCTGGA	+	COLI-K12-17
REP164B	[REP164b 2,347,205 &larr; 2,347,240]	2347205	2347240	AGCCTGATGCGACGCTGGCGCGTCTTATCAGGCCTA	-	COLI-K12-47
REP6F	[REP6f 66,778 &larr; 66,813]	66778	66813	CGCCTGATGCGACGCTGACGCGTCTTATCTGGCCTA	-	COLI-K12-1
REP161D	[REP161d 2,304,585 &rarr; 2,304,620]	2304585	2304620	CCTGATGCGACGCTGGCGCGTCTTATCAGGCCTACA	+	COLI-K12-46
REP62	[REP62 705,898 &larr; 705,933]	705898	705933	TGTTGGATGCGACGCTCAAGCGTCGCATCAGGCATA	-	COLI-K12-14
REP154A	[REP154a 2,226,386 &larr; 2,226,419]	2226386	2226419	TGTCGGATGCGGCGCGAACGCCTTATCCAGGGCA	-	COLI-K12-44
REP48E	[REP48e 508,785 &larr; 508,818]	508785	508818	TGCCGGATGCGGCGTAAACGCCTTATCCGGCCTA	-	COLI-K12-10
